model,split,episode_id,targets,off_minus_on_ADE,off_minus_on_FDE,prediction_change_mean_m,improved_ADE_targets,worsened_ADE_targets,improved_FDE_targets,worsened_FDE_targets
A_best,train,s0_t1118935680200_a0,62,0.1104786951700149,0.2736573429529517,0.27773581988989343,17,45,17,45
A_best,train,s0_t1118935680200_a1,62,0.11198025024391202,0.27750835687921044,0.27875943219048843,17,45,17,45
A_best,train,s0_t1118935700200_a2,155,0.12518732282573208,0.32010672752418307,0.364086263336691,71,84,60,93
A_best,train,s0_t1118935700200_a10,59,0.13324598069623095,0.39763416679633307,0.37523104769860444,22,25,20,20
A_best,train,s0_t1118935700200_a15,124,0.058075445192170075,0.15305440067805084,0.1694072573956228,45,52,45,52
A_best,train,s0_t1118935720200_a3,248,-0.007822448834232307,-0.017609728825968212,0.022085374544839134,89,135,88,136
A_best,train,s0_t1118935720200_a8,70,0.033726684908937404,0.02096232115695321,0.2529473464603403,28,37,32,33
A_best,train,s0_t1118935720200_a39,248,0.26335060237256647,0.5690029255465192,0.6811222447563083,79,169,81,167
A_best,train,s0_t1118935740200_a21,248,0.06931414333047956,0.18328827677397896,0.0738457185779548,31,217,31,217
A_best,train,s0_t1118935740200_a53,217,0.1642167947807776,0.4635768849301576,0.4259799643768929,84,133,84,133
A_best,train,s0_t1118935740200_a59,214,0.12821996295659652,0.3249095330591303,0.4836097273101272,79,125,78,122
A_best,train,s0_t1118935760200_a58,213,0.059729010807536835,0.1526892461310789,0.287163905637644,89,111,82,110
A_best,train,s0_t1118935760200_a79,217,0.2110499539183425,0.6202274530632493,0.56657920352238,74,143,66,151
A_best,train,s0_t1118935760200_a85,248,0.09838814472198637,0.2959668631522545,0.27504610619758574,78,170,76,169
A_best,train,s0_t1118935780200_a29,108,0.200299232774208,0.6041917753334163,0.3134141221535511,39,50,34,38
A_best,train,s0_t1118935780200_a55,135,0.04835794064860644,0.11577527400577446,0.1491686484151244,40,51,37,45
A_best,train,s0_t1118935780200_a102,204,0.056806630835404236,0.1499321483592074,0.2644338247014721,101,90,88,85
A_best,train,s0_t1118935800200_a84,248,0.08109069868736274,0.19593753466591954,0.11460336041941886,81,146,125,102
A_best,train,s0_t1118935800200_a99,248,-2.7262414448143977e-05,-1.2709499109592199e-05,0.0010335374908971707,152,96,154,94
A_best,train,s0_t1118935800200_a101,125,0.11242788291536586,0.26912866568511723,0.21635008353801094,28,74,25,76
A_best,train,s0_t1118935820200_a113,85,0.18183108427902894,0.6797242946342383,0.32787516579470216,18,49,6,35
A_best,train,s0_t1118935820200_a143,248,0.01277501806141645,0.030233128735319772,0.016091672668270832,112,136,108,140
A_best,train,s0_t1118935820200_a149,217,0.01557101302642434,0.03596094194127541,0.018590919531377252,97,120,75,142
A_best,train,s0_t1118935840200_a124,170,0.08031805991337546,0.2606731311607698,0.3728290199286729,67,102,48,92
A_best,train,s0_t1118935840200_a126,227,0.12608014042977678,0.35021242572211464,0.29649498116041406,67,152,63,152
A_best,train,s0_t1118935840200_a135,170,0.07986278622628122,0.25894608504809985,0.37278405159013345,68,101,46,94
A_best,train,s0_t1118935860200_a163,248,0.011631029827544676,0.05709496507312858,0.17088342584790348,136,112,127,121
A_best,train,s0_t1118935860200_a175,224,0.30314451449057217,0.7359939426968484,0.5727679737294044,50,158,49,155
A_best,train,s0_t1118935860200_a181,224,0.30379997951768506,0.7372675971910894,0.5730590330219911,50,158,49,155
A_best,train,s0_t1118935880200_a169,127,0.16399866692407222,0.4696731968703853,0.4318411960156532,40,77,30,68
A_best,train,s0_t1118935880200_a184,179,0.16120516892733136,0.43319696266974667,0.3370167371693079,90,86,81,78
A_best,train,s0_t1118935880200_a194,221,0.13213722014815935,0.3503000767017982,0.3389653799441307,103,118,104,105
A_best,train,s0_t1118935900200_a207,248,0.02052785096700645,0.05958535503263618,0.047115066384695904,146,102,146,102
A_best,train,s0_t1118935900200_a212,189,0.10779519937029074,0.25686204264389534,0.3265514507398216,60,92,62,88
A_best,train,s0_t1118935900200_a218,248,0.025825505810952106,0.06624991111562424,0.15932517275138208,96,126,117,105
A_best,train,s0_t1118935920200_a162,248,-0.0002587696306350632,-0.0008014441880862379,0.0010313812158602236,134,114,164,84
A_best,train,s0_t1118935920200_a170,195,0.015103930884564853,0.04686042314475061,0.06285395108783493,92,103,84,103
A_best,train,s0_t1118935920200_a233,232,0.1033545112654913,0.3028813525987473,0.3151892979679768,92,137,93,135
A_best,train,s0_t1118935940200_a203,248,0.12701955409401441,0.34716789282294236,0.24001254091860075,101,147,117,131
A_best,train,s0_t1118935940200_a213,220,0.0977950402567238,0.27505210965166077,0.2865752588505116,104,115,98,110
A_best,train,s0_t1118935940200_a247,211,0.051029383045474455,0.13262385303260688,0.08259424345626581,52,158,45,161
A_best,train,s0_t1118935960200_a244,110,0.24264721930154617,0.6685133253814125,0.43708104057666125,38,71,30,59
A_best,train,s0_t1118935960200_a289,248,0.08647600111722475,0.2550249225053542,0.19769101709232106,128,120,112,136
A_best,train,s0_t1118935960200_a317,222,0.2334985978940522,0.5565949950613399,0.505784351927588,63,159,66,152
A_best,train,s0_t1118935980200_a208,194,0.04656380647554668,0.10574687265287955,0.18814364946731602,61,106,80,72
A_best,train,s0_t1118935980200_a319,242,0.33253108358185324,0.8826738648319238,0.5687335778917364,60,168,60,168
A_best,train,s0_t1118935980200_a323,242,0.2815955708844778,0.7475561875435963,0.5173370713648092,55,146,59,142
A_best,train,s0_t1118936000200_a272,248,0.005218407001007819,0.010415686562912935,0.04498280079039227,158,65,137,86
A_best,train,s0_t1118936000200_a300,248,-0.0029989948552934845,-0.007697658903669603,0.005210744736623676,89,159,106,142
A_best,train,s0_t1118936000200_a310,248,0.014537973072465337,0.030118299175617837,0.017951373679664123,76,146,132,90
A_best,train,s0_t1118936020200_a356,220,0.04297667374406084,0.12483923659617298,0.0879702991010907,35,185,31,186
A_best,train,s0_t1118936020200_a369,243,0.1529204477541767,0.3822895078144641,0.38070388562138213,78,155,93,140
A_best,train,s0_t1118936020200_a371,220,0.042829817428952525,0.1241176322554429,0.08782610582327999,41,179,35,182
A_best,train,s0_t1118936040200_a350,229,-0.0016207085331454768,-0.004941690616944404,0.05070983321556169,113,115,113,108
A_best,train,s0_t1118936040200_a356,209,0.07711666998720298,0.18761692427393692,0.13340666624979208,59,148,61,140
A_best,train,s0_t1118936040200_a372,248,0.10954406128732577,0.2788388715131145,0.3144274669248848,90,158,85,162
A_best,train,s0_t1118936060200_a272,178,0.24203731531057723,0.7618691670402236,0.44639474879217783,41,136,21,125
A_best,train,s0_t1118936060200_a404,70,0.09506682088319106,0.3092192657497483,0.17005763267232915,16,28,13,21
A_best,train,s0_t1118936060200_a414,241,0.13335710708816162,0.3720798005458597,0.361705646657069,84,136,83,137
A_best,train,s0_t1118936080200_a356,225,0.16892706636285876,0.4649602009433827,0.5286246871079008,72,150,60,150
A_best,train,s0_t1118936080200_a383,126,0.15397706000678282,0.47182599667405417,0.43922943457044544,42,79,32,71
A_best,train,s0_t1118936080200_a391,66,0.04158884057647937,0.10684027837295758,0.169053345213108,18,20,12,22
A_best,train,s0_t1118936100200_a323,248,0.00772217810399486,0.03203519402352559,0.08025269279449922,131,102,145,88
A_best,train,s0_t1118936100200_a334,248,-0.0005934801221636366,-0.0013345115272606599,0.003341935765092785,151,97,152,96
A_best,train,s0_t1118936100200_a456,102,0.06066723760671446,0.21858686009855272,0.19392154322593022,26,41,24,29
A_best,train,s0_t1118936120200_a403,205,0.08924277911964101,0.19090650212608065,0.3241673650462805,71,120,68,109
A_best,train,s0_t1118936120200_a479,186,0.09776598497473005,0.22221743927963505,0.2332652746336246,55,110,58,107
A_best,train,s0_t1118936120200_a480,126,0.13152095233785605,0.40626847661924287,0.3398432924626081,41,85,34,84
A_best,train,s0_t1118936140200_a458,164,0.11929361173352517,0.29860624533743324,0.4217956730210018,45,91,48,74
A_best,train,s0_t1118936140200_a506,223,0.31198868973486754,0.7458611549167506,0.7017474412467046,53,160,54,153
A_best,train,s0_t1118936140200_a512,217,0.2927314308252981,0.6681713204336679,0.7033986536537036,50,167,49,168
A_best,train,s0_t1118936160200_a516,233,0.2654655878484915,0.6934664134951126,0.5350534690717883,59,152,53,147
A_best,train,s0_t1118936160200_a521,200,0.18078797626253404,0.5051030842179166,0.44176401584380076,55,115,47,101
A_best,train,s0_t1118936160200_a547,176,0.29238322696414537,0.7213706733316224,0.6766271559913135,42,133,37,131
A_best,train,s0_t1118936180200_a475,213,0.25118154125278885,0.6885848405782798,0.5240295229187539,74,124,58,133
A_best,train,s0_t1118936180200_a528,111,0.08367684479129386,0.26477084338694223,0.3378313864488994,40,61,31,65
A_best,train,s0_t1118936180200_a565,241,0.2644253782920864,0.7085290606352381,0.598001814099456,52,148,49,151
A_best,train,s0_t1118936200200_a579,248,-0.0017671408296115665,-0.004107440848245175,0.0049377448052573235,151,97,150,98
A_best,train,s0_t1118936200200_a581,245,0.141835941681788,0.34084469654302324,0.3321387412810546,99,146,96,145
A_best,train,s0_t1118936200200_a595,247,0.12107595076736294,0.32817925504627193,0.22486477709416386,103,144,91,152
A_best,train,s0_t1118936220200_a608,225,0.07536290568994741,0.19737284451741846,0.10246662985365321,47,178,51,170
A_best,train,s0_t1118936220200_a618,217,0.0005055192953524712,0.0006625171158297437,0.0038566398076075484,125,92,125,92
A_best,train,s0_t1118936220200_a622,186,-0.00016862732254801051,-0.0005394665975473533,0.0012311674758146633,97,89,91,95
A_best,train,s0_t1118936240200_a582,184,0.09251062633755075,0.2467778517351138,0.39081911894311855,65,96,57,78
A_best,train,s0_t1118936240200_a617,237,0.34698803341168516,0.8988060978974917,0.7347920200446896,72,140,69,139
A_best,train,s0_t1118936240200_a621,19,0.0,0.0,0.0,0,0,0,0
A_best,train,s0_t1118936260200_a563,125,0.35071298768160875,0.8405469301671967,0.7394822056666016,21,104,22,91
A_best,train,s0_t1118936260200_a610,225,0.10939804379083705,0.31194485377819053,0.27670367216898334,81,144,79,142
A_best,train,s0_t1118936260200_a648,222,0.06496553478082141,0.2034354479363319,0.2740303979060971,95,127,90,128
A_best,train,s0_t1118936280200_a607,202,0.14425069052014192,0.3182513541025448,0.40457895927426246,53,116,50,113
A_best,train,s0_t1118936280200_a622,143,0.12742187067224875,0.4039094075233403,0.3556599948177492,38,92,32,79
A_best,train,s0_t1118936280200_a626,192,0.05133667819168323,0.12479098519637295,0.3100973979069295,97,95,104,77
A_best,train,s0_t1118936300200_a658,124,0.015868628939964602,0.02749328969699682,0.13786533546198693,50,74,52,72
A_best,train,s0_t1118936300200_a679,219,0.10055560838235332,0.3194452953295388,0.2924971231651672,76,143,63,144
A_best,train,s0_t1118936300200_a710,219,0.12830935805211383,0.38183332577709267,0.23601833020820862,96,122,96,121
A_best,train,s0_t1118936320200_a612,188,0.03867372160551827,0.12956578649718878,0.07932387710721703,45,141,40,128
A_best,train,s0_t1118936320200_a719,124,0.04538590475537747,0.0854305348518251,0.1841679646090157,85,39,87,37
A_best,train,s0_t1118936320200_a728,204,0.21187687414699632,0.5158506227149519,0.4797718109351919,81,123,84,116
A_best,train,s0_t1118936340200_a680,169,0.2213819403118684,0.6522358691310465,0.40611009599180126,41,126,33,114
A_best,train,s0_t1118936340200_a717,248,0.07841862125844058,0.1813290843154776,0.10773968557423946,89,159,79,169
A_best,train,s0_t1118936340200_a745,248,0.2626367858887754,0.6111721398106454,0.6780329289425525,73,175,82,166
A_best,train,s0_t1118936360200_a686,119,0.11626688551175689,0.3172878786118131,0.3407086600322558,17,46,11,38
A_best,train,s0_t1118936360200_a698,124,0.1854801253711932,0.43729829654433433,0.35004265122493494,21,40,15,38
A_best,train,s0_t1118936360200_a714,248,0.071389506620791,0.20581808411003658,0.2321892001649347,91,157,87,161
A_best,train,s0_t1118936380200_a739,248,0.0032022837827230506,0.01260805707822524,0.1492912809278477,136,112,135,113
A_best,train,s0_t1118936380200_a748,128,0.07021731680125545,0.17162672813196408,0.24477022417340777,50,78,47,77
A_best,train,s0_t1118936380200_a766,128,0.16533689576855484,0.4359220203076417,0.3222084477165481,33,75,34,70
A_best,train,s0_t1118936400200_a709,17,0.1169433722670134,0.5732816336243004,0.4866871586179032,3,13,2,5
A_best,train,s0_t1118936400200_a759,167,0.005009978860906611,0.02730607493430305,0.1142379334839521,77,61,71,63
A_best,train,s0_t1118936400200_a789,194,0.07919055912241682,0.24226921774365667,0.25703014415719116,78,87,56,105
A_best,train,s0_t1118936420200_a816,248,0.09548497683780882,0.27880792075018423,0.27616254707044713,79,142,80,141
A_best,train,s0_t1118936420200_a831,248,0.16602169917606177,0.41541843115121024,0.3959769571878379,94,154,99,149
A_best,train,s0_t1118936420200_a841,248,0.07461805481130676,0.2030431542941351,0.2831487375659039,106,117,99,124
A_best,train,s0_t1118936440200_a725,137,0.06304398270541635,0.19973860382581246,0.32170125611813016,52,83,37,68
A_best,train,s0_t1118936440200_a813,152,0.06158314491112596,0.14732716614122338,0.3416970031734021,53,92,45,74
A_best,train,s0_t1118936440200_a830,205,0.2277789895025582,0.6864091787967259,0.4734553209420793,54,151,41,141
A_best,train,s0_t1118936460200_a746,126,0.21383060217576272,0.45008885280726313,0.5151367129526787,32,72,35,67
A_best,train,s0_t1118936460200_a864,243,0.3220030028169578,0.7820447209233791,0.6984735229876613,54,189,52,178
A_best,train,s0_t1118936460200_a869,193,0.27296642359551376,0.7104919339797988,0.6749390540451506,47,140,45,142
A_best,train,s0_t1118936480200_a887,206,0.266817787547428,0.7412472799950877,0.5685387041851498,46,126,37,121
A_best,train,s0_t1118936480200_a894,205,0.3102605681240403,0.864575825822076,0.6174202146054041,37,155,33,138
A_best,train,s0_t1118936480200_a921,155,0.11418684342972688,0.33780872603697126,0.37961109828564427,47,82,45,84
A_best,train,s0_t1118936500200_a869,248,0.011013791661597126,0.02631857832753497,0.026614464703808124,114,113,113,114
A_best,train,s0_t1118936500200_a886,94,0.12782115552257323,0.3239339245767212,0.1962176712834836,12,45,9,48
A_best,train,s0_t1118936500200_a939,219,0.07414928064944303,0.21849394720690454,0.16977046500106308,97,122,90,119
A_best,train,s0_t1118936520200_a896,239,0.2279706888850307,0.5903381477991606,0.5984313478316478,73,154,74,153
A_best,train,s0_t1118936520200_a932,29,0.020789065873041617,0.13212478743604306,0.2625268658880016,11,16,2,7
A_best,train,s0_t1118936520200_a958,217,0.007571884223343058,0.01443904136499147,0.018974538517477203,38,179,62,155
A_best,train,s0_t1118936540200_a927,234,0.07480587595691023,0.22509538116413055,0.2291580774709652,78,155,69,153
A_best,train,s0_t1118936540200_a967,233,0.11612671290881112,0.2966780036730306,0.14258253438026763,73,160,74,155
A_best,train,s0_t1118936540200_a1009,242,0.042740028954132765,0.1074357832743182,0.11918557298720635,60,179,67,171
A_best,train,s0_t1118936560200_a940,169,0.2326072312250828,0.6411379713177078,0.44534009828414084,38,104,26,90
A_best,train,s0_t1118936560200_a984,248,0.20532404132107843,0.5082260251689639,0.5378087148513465,79,169,81,167
A_best,train,s0_t1118936560200_a1017,155,0.10531414768679014,0.3007762362330688,0.4136378899288942,59,75,50,84
A_best,train,s0_t1118936580200_a949,130,0.09260030263926786,0.2252199435768696,0.24619104218234916,31,75,29,70
A_best,train,s0_t1118936580200_a980,90,0.2581910466952809,0.6596083347937937,0.4765910953063414,18,66,24,54
A_best,train,s0_t1118936580200_a1014,222,0.20320757420079635,0.5542587356380594,0.44240985764400315,67,146,60,146
A_best,train,s0_t1118936600200_a1013,229,0.03292699847403422,0.11108068846417772,0.10051072377992533,117,88,106,95
A_best,train,s0_t1118936600200_a1051,186,0.10119133148646235,0.2786977129691406,0.28071588041989687,83,103,86,100
A_best,train,s0_t1118936600200_a1065,229,0.024637139769033443,0.08026195587477461,0.07353224877191694,113,79,109,79
A_best,train,s0_t1118936620200_a1030,166,0.17691408522786808,0.6087111225172711,0.30596029295860255,37,118,36,95
A_best,train,s0_t1118936620200_a1069,155,0.16516802689751833,0.41125076386434195,0.36986226013865353,49,93,50,92
A_best,train,s0_t1118936620200_a1074,200,0.08664720887410056,0.22238684392153638,0.0982794591556376,69,131,80,115
A_best,train,s0_t1118936640200_a1044,248,0.14254809300420485,0.3799575486306719,0.23970558522412302,48,178,63,163
A_best,train,s0_t1118936640200_a1077,248,0.07113718141584587,0.18600352635621423,0.07470999636895995,0,248,0,248
A_best,train,s0_t1118936640200_a1207,248,0.15397019101759324,0.42496086947663264,0.26331786571116084,87,161,85,163
A_best,train,s0_t1118936660200_a1122,225,0.293263955305837,0.7359343296760193,0.6329732073719303,61,158,58,153
A_best,train,s0_t1118936660200_a1123,248,0.07416382237417593,0.16578575727453906,0.24585588219352142,92,156,98,150
A_best,train,s0_t1118936660200_a1128,223,0.30869786693200596,0.7320732265393121,0.6363342307474581,59,163,55,160
A_best,train,s0_t1118936680200_a1081,243,0.10832759368610287,0.24994987173540067,0.31851963943192435,93,134,87,126
A_best,train,s0_t1118936680200_a1122,162,0.1144832692745251,0.37460481986397987,0.44630840450042375,60,102,51,93
A_best,train,s0_t1118936680200_a1159,230,0.250761635431422,0.5954720504125492,0.6362122126450034,65,157,67,155
A_best,train,s0_t1118936700200_a1123,221,0.13212295708703328,0.39368554799957983,0.2630281272847748,63,121,64,116
A_best,train,s0_t1118936700200_a1136,248,0.0823689059459927,0.2549188030990504,0.17747600906188615,103,145,110,138
A_best,train,s0_t1118936700200_a1164,248,-0.006789926028903927,-0.01593955057028609,0.010499478519206252,101,147,103,145
A_best,train,s0_t1118936720200_a1142,109,0.15992114973664878,0.6003900500263394,0.3652234069141666,36,70,24,53
A_best,train,s0_t1118936720200_a1160,248,0.007377463015303826,0.018074216488930053,0.008041457094394343,61,187,62,186
A_best,train,s0_t1118936720200_a1167,163,0.050539489427953006,0.06549678253277515,0.43267269503402717,71,91,59,72
A_best,train,s0_t1118936740200_a1151,162,0.19126865665785026,0.5436131412808655,0.3836459850454834,52,109,44,98
A_best,train,s0_t1118936740200_a1186,196,0.11901197522933533,0.34160451717342805,0.3035470559499136,78,118,69,115
A_best,train,s0_t1118936740200_a1193,186,0.05328206843799429,0.15125261055450634,0.05882779131774128,27,159,32,154
A_best,train,s0_t1118936760200_a1160,7,0.026279572521708695,,0.40635280976338045,2,3,0,0
A_best,train,s0_t1118936760200_a1176,202,0.07994231947999236,0.228617642428121,0.23527254058119593,74,126,65,133
A_best,train,s0_t1118936760200_a1210,194,0.08625002505830336,0.25477653154150975,0.2439227086941117,60,132,57,133
A_best,train,s0_t1118936780200_a1187,78,0.09477758161455552,0.17807471780727027,0.3139028038041523,30,34,29,34
A_best,train,s0_t1118936780200_a1190,106,0.06449670367037971,0.17730299930701995,0.4164078149874255,43,60,41,45
A_best,train,s0_t1118936780200_a1191,120,0.07077421947301797,0.19309275709039783,0.39291502912528814,46,65,45,52
A_best,train,s1_t1118936820200_a1273,225,0.053276155608690944,0.16348384614185713,0.10196654965903791,99,125,94,106
A_best,train,s1_t1118936820200_a1304,248,0.005443056301593388,0.010894783562285052,0.05478122646849032,120,128,104,144
A_best,train,s1_t1118936820200_a1340,245,0.17902522509325386,0.43831426170044424,0.46622077146937363,82,163,93,148
A_best,train,s1_t1118936840200_a1304,203,0.03917196776111178,0.09890730773365955,0.07412578133129849,53,150,59,136
A_best,train,s1_t1118936840200_a1308,70,0.1187006845302273,0.3373647943099888,0.340498287709696,6,23,8,17
A_best,train,s1_t1118936840200_a1343,248,0.06111031615800937,0.15207121167854049,0.12067103302973509,78,170,78,170
A_best,train,s1_t1118936860200_a1353,248,0.08301510469928808,0.20785624215284423,0.15435857695292138,59,189,63,185
A_best,train,s1_t1118936860200_a1354,248,0.06358055211775787,0.15379414987314396,0.12585170058243803,84,164,78,170
A_best,train,s1_t1118936860200_a1407,172,0.2490033432202189,0.6915831772447764,0.4887738871986458,38,114,31,113
A_best,train,s1_t1118936880200_a1336,248,0.02451429150204872,0.06914948572585708,0.16233647855504738,94,154,94,154
A_best,train,s1_t1118936880200_a1373,217,0.030855743521241687,0.08141772092853093,0.21103629342619382,95,122,97,120
A_best,train,s1_t1118936880200_a1411,155,0.10754608597712056,0.30298043919117557,0.3301558398311177,52,91,51,92
A_best,V_select,s1_t1118936940200_a1485,128,0.2868741312175165,0.727720617530084,0.6643900473291353,32,96,30,98
A_best,V_select,s1_t1118936960200_a1524,128,0.02272283626512785,0.06041172705317576,0.15215281585562934,47,81,45,83
A_best,V_select,s1_t1118936960200_a1530,120,0.20803186184962852,0.5161239034144767,0.7497371093990902,38,77,38,77
A_best,V_select,s1_t1118936960200_a1532,91,0.11869542577469046,0.2809808497381185,0.6294851061980148,40,51,37,48
A_best,V_select,s1_t1118936980200_a1532,118,0.014980956410536789,0.05078263202049761,0.12741277169765977,51,54,48,53
A_best,V_select,s1_t1118936980200_a1534,115,-0.032205437543771524,-0.11089516812879441,0.31853307879975307,57,57,58,55
A_best,V_select,s1_t1118936980200_a1561,128,-0.04421057407219432,-0.07014659516578178,0.19639708370095832,63,65,65,63
A_best,V_select,s1_t1118937000200_a1538,96,0.070927173015284,0.2131301794361198,0.13014265532274294,43,53,38,58
A_best,V_select,s1_t1118937000200_a1580,114,0.029633868272416753,0.12342555255131184,0.38341314400643395,57,57,53,59
A_best,V_select,s1_t1118937000200_a1596,108,0.023586094033771935,0.056047607707064906,0.0986061753900921,46,62,47,55
A_best,V_select,s1_t1118937020200_a1525,128,0.00029164272661861835,0.00038498604075637964,0.001479738936978947,53,75,52,76
A_best,V_select,s1_t1118937020200_a1556,118,0.09171981415123394,0.24358277074854354,0.11473539714436704,38,80,42,74
A_best,V_select,s1_t1118937020200_a1566,128,-0.00035806420510850706,-0.0011729399932717019,0.0016524597093621196,79,49,86,42
A_best,V_select,s1_t1118937040200_a1602,116,0.06663577107692792,0.18040022664016084,0.08150310021263632,22,94,13,101
A_best,V_select,s1_t1118937040200_a1637,128,0.06204055936815869,0.16481638244199334,0.07012379716286432,35,93,32,96
A_best,V_select,s1_t1118937040200_a1638,128,0.267742558160737,0.6301868411861253,0.7197010145258105,49,79,46,82
A_best,V_select,s1_t1118937060200_a1627,118,0.1324021403900974,0.28045460007575446,0.5581897062947974,41,67,44,62
A_best,V_select,s1_t1118937060200_a1652,63,-0.045955126868791156,-0.07272986942369923,0.5954788969090533,32,30,28,26
A_best,V_select,s1_t1118937060200_a1658,82,0.13490700333737524,0.25934679515080294,0.6835842162893131,27,53,29,45
A_best,V_select,s1_t1118937080200_a1692,112,0.041664035560918807,0.12926460516854393,0.1732401696186636,58,39,53,37
A_best,V_select,s1_t1118937080200_a1696,112,0.06719481493120229,0.16883368656540693,0.30253013133642526,46,66,46,63
A_best,V_select,s1_t1118937080200_a1706,128,0.1051023406247687,0.2698440958337944,0.4864772210139563,46,80,43,83
A_best,V_select,s1_t1118937100200_a1644,118,0.094697770203887,0.24655920717055146,0.2218926301300876,52,66,49,67
A_best,V_select,s1_t1118937100200_a1686,128,0.07427733375780067,0.24214945320565984,0.20442969666859767,77,51,83,45
A_best,V_select,s1_t1118937100200_a1745,118,0.010159717221372858,0.01289680594993268,0.1150456693388351,60,58,73,42
A_latest,train,s0_t1118935680200_a0,62,0.14939250163948928,0.3587580540273073,0.31582610456333043,13,49,13,49
A_latest,train,s0_t1118935680200_a1,62,0.14904223803708577,0.35865103208341537,0.3157352225314225,13,49,13,49
A_latest,train,s0_t1118935700200_a2,155,0.20015323745144958,0.5654928091617488,0.4319979908570179,61,94,54,99
A_latest,train,s0_t1118935700200_a10,59,0.19024184695662674,0.45778204773785786,0.5066040435799011,11,36,12,28
A_latest,train,s0_t1118935700200_a15,124,0.10045190968599502,0.2533921876518643,0.2109421743709625,34,63,39,58
A_latest,train,s0_t1118935720200_a3,248,0.0006082836074234922,0.0023542169946873643,0.008512823605909239,139,85,74,150
A_latest,train,s0_t1118935720200_a8,70,0.12056822432391429,0.2410485979867066,0.31049781156969924,17,48,24,41
A_latest,train,s0_t1118935720200_a39,248,0.30021543120767913,0.588270011414951,0.7204597801375654,70,178,70,178
A_latest,train,s0_t1118935740200_a21,248,0.034093415696972655,0.11376074445196165,0.03953701108381328,62,186,62,186
A_latest,train,s0_t1118935740200_a53,217,0.2884245340282475,0.7326453805343616,0.5166819195540312,60,157,58,159
A_latest,train,s0_t1118935740200_a59,214,0.24563606251275075,0.6391217879018761,0.5477278389955466,54,150,51,149
A_latest,train,s0_t1118935760200_a58,213,0.1322766585854979,0.3455039147843451,0.347862629536761,67,133,75,117
A_latest,train,s0_t1118935760200_a79,217,0.3355532200760297,0.8837906585272527,0.6643398440494481,56,161,59,158
A_latest,train,s0_t1118935760200_a85,248,0.07677199757150151,0.23747088016703097,0.2118993681958654,84,164,83,162
A_latest,train,s0_t1118935780200_a29,108,0.2627380094295011,0.7874784890652273,0.4426870867869352,36,53,32,40
A_latest,train,s0_t1118935780200_a55,135,0.046076696955659927,0.12036078875702907,0.140470208778128,26,65,27,55
A_latest,train,s0_t1118935780200_a102,204,0.11685684425536808,0.3108825541120247,0.32234797311499347,70,121,67,106
A_latest,train,s0_t1118935800200_a84,248,0.039774088270384284,0.10964196349190167,0.054938745345064106,96,131,96,131
A_latest,train,s0_t1118935800200_a99,248,0.00016222598714378978,0.0007406005574437603,0.00192085609367701,128,120,125,123
A_latest,train,s0_t1118935800200_a101,125,0.11992511767056709,0.2902401294932784,0.20913877483291435,34,68,41,60
A_latest,train,s0_t1118935820200_a113,85,0.1537764188553599,0.5692555759566928,0.3637225229073973,26,41,17,24
A_latest,train,s0_t1118935820200_a143,248,0.16024816716030318,0.4677732361212986,0.17814316742184136,66,182,55,193
A_latest,train,s0_t1118935820200_a149,217,0.33637581469515165,0.9195305820251402,0.36001056380866875,25,192,23,194
A_latest,train,s0_t1118935840200_a124,170,0.0790236495762181,0.19380923789118049,0.32986340936545544,68,101,55,85
A_latest,train,s0_t1118935840200_a126,227,0.10399169226787247,0.298264423206016,0.37899419676272983,78,141,78,137
A_latest,train,s0_t1118935840200_a135,170,0.07847684360326314,0.19215311360045675,0.32992840102875454,67,102,55,85
A_latest,train,s0_t1118935860200_a163,248,0.04527372510880893,0.1168378538627586,0.20549055020617216,162,86,157,91
A_latest,train,s0_t1118935860200_a175,224,0.3429461397783637,0.7819616677840441,0.6462422464327509,37,171,43,161
A_latest,train,s0_t1118935860200_a181,224,0.3433069407126221,0.7821058710561818,0.6460896255796342,37,171,42,162
A_latest,train,s0_t1118935880200_a169,127,0.28720681470471765,0.7811873103660857,0.5150121576116076,30,87,21,77
A_latest,train,s0_t1118935880200_a184,179,0.17199895392032175,0.43014704722020214,0.40858814015628625,61,115,74,85
A_latest,train,s0_t1118935880200_a194,221,0.14052392587813392,0.38788974623236555,0.3858280125846064,72,149,68,141
A_latest,train,s0_t1118935900200_a207,248,0.02156333132729762,0.057472809405325204,0.04920930681972887,140,108,143,105
A_latest,train,s0_t1118935900200_a212,189,0.332812264832126,0.8676922388320836,0.555687902012357,43,109,39,111
A_latest,train,s0_t1118935900200_a218,248,0.04682588333228159,0.110879479434717,0.19809435210682722,100,122,98,124
A_latest,train,s0_t1118935920200_a162,248,0.000498965272592151,0.002926914420948338,0.0019902275181090273,72,176,72,176
A_latest,train,s0_t1118935920200_a170,195,-0.005935468563986757,-0.021358930546211095,0.09183637686234224,113,82,111,76
A_latest,train,s0_t1118935920200_a233,232,0.22775589727353854,0.6117534173191728,0.41910361447123157,62,167,65,163
A_latest,train,s0_t1118935940200_a203,248,0.14840095490721716,0.4213533171002485,0.34800283694517753,94,154,84,164
A_latest,train,s0_t1118935940200_a213,220,0.18167976787807172,0.4862176847676218,0.4111441729839333,70,149,74,134
A_latest,train,s0_t1118935940200_a247,211,0.020953270420459302,0.07091323373887924,0.05350918620531362,52,158,48,158
A_latest,train,s0_t1118935960200_a244,110,0.26239670872247217,0.6719682368488032,0.4898415286086013,32,77,26,63
A_latest,train,s0_t1118935960200_a289,248,0.12475191416138419,0.32825632115643744,0.2523181030057986,103,145,89,159
A_latest,train,s0_t1118935960200_a317,222,0.3694814637746624,0.8373370754766183,0.6132114230633371,52,170,53,165
A_latest,train,s0_t1118935980200_a208,194,0.060919849169426804,0.13310928827599913,0.2051968229909445,68,99,63,89
A_latest,train,s0_t1118935980200_a319,242,0.5362016963615954,1.3554679126341123,0.7398771125287965,38,190,45,183
A_latest,train,s0_t1118935980200_a323,242,0.4739250409630955,1.1805125158303411,0.675748060710744,45,156,45,156
A_latest,train,s0_t1118936000200_a272,248,0.023031822525338794,0.05555874504485002,0.07199069550898135,108,115,105,118
A_latest,train,s0_t1118936000200_a300,248,0.12768517018752457,0.3816093120650944,0.15105990463889024,88,160,66,182
A_latest,train,s0_t1118936000200_a310,248,0.06358312796397281,0.16577132504706474,0.06822855678194994,72,150,46,176
A_latest,train,s0_t1118936020200_a356,220,0.054056565006188946,0.17135664847315846,0.10420864130071343,47,173,32,185
A_latest,train,s0_t1118936020200_a369,243,0.14958648203947583,0.3584432792802256,0.40872005881834944,69,164,82,151
A_latest,train,s0_t1118936020200_a371,220,0.05422775567743167,0.17171609720475606,0.10432657714740014,51,169,36,181
A_latest,train,s0_t1118936040200_a350,229,0.008505523746992061,0.03291677307970147,0.07212631891461689,107,121,104,117
A_latest,train,s0_t1118936040200_a356,209,0.027663144371923402,0.06410443993256203,0.06737199247443328,49,158,49,152
A_latest,train,s0_t1118936040200_a372,248,0.15898081727585092,0.4063441958868737,0.4250907436795211,76,172,76,171
A_latest,train,s0_t1118936060200_a272,178,0.25742914355952096,0.7547811477965191,0.5011203157600392,44,133,33,113
A_latest,train,s0_t1118936060200_a404,70,0.1182769196765523,0.39123541017407115,0.2844292463038723,10,34,6,28
A_latest,train,s0_t1118936060200_a414,241,0.2057629697000971,0.5739206782459614,0.43257119869151545,70,150,63,157
A_latest,train,s0_t1118936080200_a356,225,0.18552678833333114,0.5290899763597208,0.5633149495348334,75,147,63,147
A_latest,train,s0_t1118936080200_a383,126,0.22236450863414656,0.5837811681776219,0.508379056502784,44,77,37,66
A_latest,train,s0_t1118936080200_a391,66,0.05317356986399206,0.16349188311913565,0.20737852812321347,15,23,11,23
A_latest,train,s0_t1118936100200_a323,248,0.05835125734527319,0.16834827260805227,0.16452864543545379,73,160,78,155
A_latest,train,s0_t1118936100200_a334,248,0.08228378799966195,0.2527135992515726,0.10380623328138984,48,200,57,191
A_latest,train,s0_t1118936100200_a456,102,0.05437742026235103,0.20604880499816922,0.25424414890342933,30,37,21,32
A_latest,train,s0_t1118936120200_a403,205,0.13506091914601642,0.29824216985137597,0.3938482230283581,56,135,56,121
A_latest,train,s0_t1118936120200_a479,186,0.10955590363353031,0.2631939536618038,0.289340216943142,60,105,61,104
A_latest,train,s0_t1118936120200_a480,126,0.12404384579416892,0.3422812196407323,0.3184810746127383,44,82,45,73
A_latest,train,s0_t1118936140200_a458,164,0.1633870229730062,0.4103731216709117,0.4645865753395256,44,92,46,76
A_latest,train,s0_t1118936140200_a506,223,0.3667556564405057,0.7958961787746377,0.794827678320186,48,165,54,153
A_latest,train,s0_t1118936140200_a512,217,0.3845837112098387,0.8441284027664268,0.7542712673167205,34,183,36,181
A_latest,train,s0_t1118936160200_a516,233,0.31698473806580346,0.8062879286313294,0.5769897528187459,53,158,45,155
A_latest,train,s0_t1118936160200_a521,200,0.19217638891775357,0.5293865908737153,0.49921569312675274,48,122,36,112
A_latest,train,s0_t1118936160200_a547,176,0.35728355605979395,0.8583897217666371,0.7657947986259718,45,130,40,128
A_latest,train,s0_t1118936180200_a475,213,0.3281359968217915,0.8750652445288881,0.6052460476884604,60,138,52,139
A_latest,train,s0_t1118936180200_a528,111,0.18312189462867287,0.5365472650487098,0.4473324334668415,34,67,29,67
A_latest,train,s0_t1118936180200_a565,241,0.2883242727985197,0.7455637340683833,0.6114801064065142,57,143,49,151
A_latest,train,s0_t1118936200200_a579,248,0.039420161018688595,0.12481107809414856,0.054057826003460624,68,180,57,191
A_latest,train,s0_t1118936200200_a581,245,0.14411115106105912,0.37996756902573564,0.34064421664575373,93,152,83,158
A_latest,train,s0_t1118936200200_a595,247,0.09574675460839183,0.2732809934551462,0.21994263281711854,111,136,113,130
A_latest,train,s0_t1118936220200_a608,225,0.016891983077404887,0.05804112489015875,0.028250455427656158,29,196,57,164
A_latest,train,s0_t1118936220200_a618,217,0.16748160767757153,0.4995684187541786,0.17976428390843235,116,101,61,156
A_latest,train,s0_t1118936220200_a622,186,0.2669112937965959,0.7490636558079196,0.28073556009637474,61,125,60,126
A_latest,train,s0_t1118936240200_a582,184,0.07962516961485636,0.20912317722631493,0.42452985588454833,58,103,45,90
A_latest,train,s0_t1118936240200_a617,237,0.32896303152449397,0.8061646903614172,0.7665048989145339,57,155,58,150
A_latest,train,s0_t1118936240200_a621,19,0.0,0.0,0.0,0,0,0,0
A_latest,train,s0_t1118936260200_a563,125,0.437105650950469,1.0992623847991425,0.8340775588974356,21,104,17,96
A_latest,train,s0_t1118936260200_a610,225,0.1300965571227111,0.3336876715658058,0.3122805251325998,84,141,82,139
A_latest,train,s0_t1118936260200_a648,222,0.07797153156664921,0.1998789287373404,0.27376410755454883,83,139,75,143
A_latest,train,s0_t1118936280200_a607,202,0.2007291792853481,0.4701267857275088,0.4859405868995928,48,121,44,119
A_latest,train,s0_t1118936280200_a622,143,0.3094644438725741,0.8879833154107803,0.5435649070667324,38,92,26,85
A_latest,train,s0_t1118936280200_a626,192,0.11038919189329388,0.28538315669106185,0.36840486287322466,79,113,74,107
A_latest,train,s0_t1118936300200_a658,124,-0.0012716378007841633,0.013337979981970107,0.15067811982325727,74,50,75,49
A_latest,train,s0_t1118936300200_a679,219,0.13291815122254652,0.3851666214505705,0.31830545267601207,86,133,77,130
A_latest,train,s0_t1118936300200_a710,219,0.1595111024412275,0.4739642955536115,0.29692540556087593,57,161,50,167
A_latest,train,s0_t1118936320200_a612,188,0.0486450210661569,0.15815387818169166,0.12262346157954294,90,96,79,89
A_latest,train,s0_t1118936320200_a719,124,0.06382243146604932,0.14454082641983013,0.13808744137655124,31,93,57,67
A_latest,train,s0_t1118936320200_a728,204,0.20846482135321118,0.46451342284147484,0.5548934741014176,69,135,66,134
A_latest,train,s0_t1118936340200_a680,169,0.24888363150437787,0.6873104931855335,0.5068349241742403,50,117,45,102
A_latest,train,s0_t1118936340200_a717,248,0.018649707915252053,0.06137876756952736,0.03305449003058921,80,168,83,165
A_latest,train,s0_t1118936340200_a745,248,0.2904628424730669,0.6301751666498341,0.7390601445372487,65,183,68,180
A_latest,train,s0_t1118936360200_a686,119,0.13186973494380985,0.3647862766099383,0.41673488907140344,21,42,14,35
A_latest,train,s0_t1118936360200_a698,124,0.14379460712799305,0.30714264666824254,0.3501904974395251,24,37,22,31
A_latest,train,s0_t1118936360200_a714,248,0.06377634142245818,0.20174404957703626,0.20855980801710053,90,158,87,161
A_latest,train,s0_t1118936380200_a739,248,0.008403274841999571,0.0021914613741556657,0.18391125735847563,123,125,131,117
A_latest,train,s0_t1118936380200_a748,128,0.15294647810328874,0.40325539319811077,0.41086379198895884,36,92,38,86
A_latest,train,s0_t1118936380200_a766,128,0.11122246150747753,0.2787068032209731,0.29782263438119116,31,77,29,75
A_latest,train,s0_t1118936400200_a709,17,0.054647875711215335,-0.261175744227851,0.5103477830176845,7,9,4,3
A_latest,train,s0_t1118936400200_a759,167,0.05240359720134476,0.13579471766972512,0.11542326320245239,71,67,72,62
A_latest,train,s0_t1118936400200_a789,194,0.02035136429100609,0.07026935603349928,0.26589612905396637,73,92,76,85
A_latest,train,s0_t1118936420200_a816,248,0.1210857919046162,0.3196661278454606,0.315978447217628,73,148,70,151
A_latest,train,s0_t1118936420200_a831,248,0.19811006535449155,0.5065643551046154,0.3620932864480364,78,170,76,172
A_latest,train,s0_t1118936420200_a841,248,0.11450411663362983,0.29566610868190896,0.355290079209578,88,135,85,138
A_latest,train,s0_t1118936440200_a725,137,0.08077028576325478,0.2801604551373523,0.33899900706639036,53,82,38,67
A_latest,train,s0_t1118936440200_a813,152,0.10828386037224368,0.31865695625923246,0.4277375699157825,53,92,42,77
A_latest,train,s0_t1118936440200_a830,205,0.19685638890183765,0.5840371144657907,0.4654666102161949,54,151,47,135
A_latest,train,s0_t1118936460200_a746,126,0.26052163436980014,0.5611938846400926,0.5470947180365329,19,85,23,79
A_latest,train,s0_t1118936460200_a864,243,0.25046822527130347,0.5483909018477382,0.777282406303863,69,174,68,162
A_latest,train,s0_t1118936460200_a869,193,0.2569300092986795,0.6031754592947993,0.7835829919059351,50,137,54,133
A_latest,train,s0_t1118936480200_a887,206,0.2656134310498751,0.702618322713021,0.62122264770874,54,118,47,111
A_latest,train,s0_t1118936480200_a894,205,0.28568612865062615,0.7341441397159493,0.6359199279452895,54,138,52,119
A_latest,train,s0_t1118936480200_a921,155,0.20701773101821222,0.5094961436571883,0.43796853790840795,36,93,38,91
A_latest,train,s0_t1118936500200_a869,248,0.1004482427813983,0.2856108365088588,0.12659004271242133,46,181,31,196
A_latest,train,s0_t1118936500200_a886,94,0.13419575177742185,0.33508416249127887,0.2893049826819906,24,33,17,40
A_latest,train,s0_t1118936500200_a939,219,0.09472303021645702,0.3098618026005134,0.23351578342325116,83,136,72,137
A_latest,train,s0_t1118936520200_a896,239,0.29590453645733106,0.7603868493813242,0.65403252255871,73,154,67,160
A_latest,train,s0_t1118936520200_a932,29,0.022142791269688294,0.126912219576428,0.2912957752123475,12,15,3,6
A_latest,train,s0_t1118936520200_a958,217,0.014931438685695088,0.04632282513468758,0.027915507309100685,86,131,90,127
A_latest,train,s0_t1118936540200_a927,234,0.07963221650207257,0.23963355165262484,0.2974537832158867,79,154,73,149
A_latest,train,s0_t1118936540200_a967,233,0.031527795968264896,0.08731130274706499,0.07717245552027319,59,174,81,148
A_latest,train,s0_t1118936540200_a1009,242,0.027630331202752274,0.07308451168357737,0.07656744662333137,91,148,80,158
A_latest,train,s0_t1118936560200_a940,169,0.23246917078791116,0.6362324007523938,0.4507159587635091,32,110,18,98
A_latest,train,s0_t1118936560200_a984,248,0.22185440697423622,0.5570236309016622,0.5356247885314177,82,166,79,169
A_latest,train,s0_t1118936560200_a1017,155,0.23062498338216006,0.6330864938007789,0.42794016614129615,35,99,32,102
A_latest,train,s0_t1118936580200_a949,130,0.13218717663190613,0.3334168356100882,0.30975451172719026,33,73,31,68
A_latest,train,s0_t1118936580200_a980,90,0.3176132026317216,0.8889704977245624,0.5896887443287091,24,60,21,57
A_latest,train,s0_t1118936580200_a1014,222,0.28564337297498005,0.7720417647390752,0.5795024389559446,69,144,61,145
A_latest,train,s0_t1118936600200_a1013,229,0.05262844641203174,0.171881730885061,0.15991057618681606,87,118,90,111
A_latest,train,s0_t1118936600200_a1051,186,0.06144688064221532,0.14056302108132923,0.2638254531838972,72,114,50,136
A_latest,train,s0_t1118936600200_a1065,229,0.0486565736570094,0.17110920336434104,0.15005452908120803,77,115,80,108
A_latest,train,s0_t1118936620200_a1030,166,0.17272972083458427,0.49907905869409547,0.4048558812610884,46,109,47,84
A_latest,train,s0_t1118936620200_a1069,155,0.1646143154935279,0.4190548752145029,0.5641617123623409,60,82,50,92
A_latest,train,s0_t1118936620200_a1074,200,0.015372065608156958,0.05477257417699599,0.0331240180185705,111,89,100,95
A_latest,train,s0_t1118936640200_a1044,248,0.092769119575273,0.27543755117553304,0.19965192040918708,79,147,76,150
A_latest,train,s0_t1118936640200_a1077,248,0.02652629813464106,0.08831703577370231,0.030780450977897177,31,217,31,217
A_latest,train,s0_t1118936640200_a1207,248,0.0786811777953947,0.24213270382995628,0.19966548943325652,88,160,77,171
A_latest,train,s0_t1118936660200_a1122,225,0.31434233273281215,0.7393520695375793,0.7346015377177133,59,160,57,154
A_latest,train,s0_t1118936660200_a1123,248,0.03543617345435477,0.08264626273832644,0.23298169881203531,97,151,100,148
A_latest,train,s0_t1118936660200_a1128,223,0.33195343172011343,0.8217700378005821,0.6941537922999984,57,165,50,165
A_latest,train,s0_t1118936680200_a1081,243,0.1281195061286932,0.3324632179055633,0.37030927756554044,86,141,80,133
A_latest,train,s0_t1118936680200_a1122,162,0.16238725892278447,0.5090373062604666,0.5140433260469617,62,100,49,95
A_latest,train,s0_t1118936680200_a1159,230,0.28863652459771705,0.6859542280732964,0.6530256084611882,66,156,63,159
A_latest,train,s0_t1118936700200_a1123,221,0.07886943549579087,0.2143513716005459,0.1913965493128519,73,111,67,113
A_latest,train,s0_t1118936700200_a1136,248,0.0820557992559127,0.24403920269836693,0.2185045768910934,97,151,110,138
A_latest,train,s0_t1118936700200_a1164,248,0.03549329887260803,0.12339055937086824,0.05192361272307725,81,167,78,170
A_latest,train,s0_t1118936720200_a1142,109,0.18872956624819595,0.7048202249276556,0.4453593360514053,32,74,18,59
A_latest,train,s0_t1118936720200_a1160,248,0.012856780939166493,0.031764658373337806,0.014741426416299698,96,152,89,159
A_latest,train,s0_t1118936720200_a1167,163,0.10856698412234748,0.19627310084852115,0.470111473340454,58,104,50,81
A_latest,train,s0_t1118936740200_a1151,162,0.18053924096305432,0.5605688707187453,0.4262276020577522,55,106,46,96
A_latest,train,s0_t1118936740200_a1186,196,0.1392765679431736,0.41420208938531383,0.3476587588371999,80,116,73,111
A_latest,train,s0_t1118936740200_a1193,186,0.018624399042952152,0.06610524032929424,0.023308257603882037,31,155,73,113
A_latest,train,s0_t1118936760200_a1160,7,0.031217800949954765,,0.40757725707122255,1,4,0,0
A_latest,train,s0_t1118936760200_a1176,202,0.07923113623066093,0.21228577294130974,0.25380098895294567,65,135,59,139
A_latest,train,s0_t1118936760200_a1210,194,0.08442141352836256,0.2195958416793065,0.268696846877442,54,138,52,138
A_latest,train,s0_t1118936780200_a1187,78,0.10226744938916238,0.2475376450202122,0.33753941786021757,25,39,22,41
A_latest,train,s0_t1118936780200_a1190,106,0.0990223394536586,0.27778350841942256,0.4539983901985974,38,65,27,59
A_latest,train,s0_t1118936780200_a1191,120,0.05020038157479063,0.11276983801135174,0.4210483128981044,50,61,43,54
A_latest,train,s1_t1118936820200_a1273,225,0.05807192327830317,0.18185075141163978,0.1220717938650988,99,125,81,119
A_latest,train,s1_t1118936820200_a1304,248,-0.010439381476264435,-0.03709938917789945,0.05643308919996109,106,142,127,121
A_latest,train,s1_t1118936820200_a1340,245,0.30335175008638227,0.7134545114093032,0.6177760143357457,72,173,72,169
A_latest,train,s1_t1118936840200_a1304,203,0.0276501397203781,0.0782474457116992,0.06659025521660762,62,141,64,131
A_latest,train,s1_t1118936840200_a1308,70,0.12876744711547164,0.3386683509424052,0.3369092820212245,9,20,6,19
A_latest,train,s1_t1118936840200_a1343,248,0.008137040976693221,0.03858058097684715,0.05055835252108321,89,159,83,165
A_latest,train,s1_t1118936860200_a1353,248,0.04107377254349125,0.11305806293661756,0.0994921789003104,65,183,70,178
A_latest,train,s1_t1118936860200_a1354,248,0.005785691535639966,0.028986777500850124,0.058606415443078264,76,172,74,174
A_latest,train,s1_t1118936860200_a1407,172,0.2375571242228056,0.6227436341043701,0.5491130697655323,46,106,43,101
A_latest,train,s1_t1118936880200_a1336,248,0.02987779466157816,0.07652871210100429,0.18703212262405414,125,123,120,128
A_latest,train,s1_t1118936880200_a1373,217,0.09852199734870132,0.22732816383305296,0.25865962261479986,64,153,76,141
A_latest,train,s1_t1118936880200_a1411,155,0.17450866114496597,0.4886929296877774,0.38931775989645584,38,105,33,110
A_latest,V_select,s1_t1118936940200_a1485,128,0.2740560661853494,0.5896685212217259,0.7859919892322864,39,89,45,83
A_latest,V_select,s1_t1118936960200_a1524,128,0.012255367315312557,0.061746613358640054,0.12365229013443013,35,93,38,90
A_latest,V_select,s1_t1118936960200_a1530,120,0.19803216552279,0.44259149059086805,0.7370079717443635,40,75,42,73
A_latest,V_select,s1_t1118936960200_a1532,91,0.09773835043416107,0.1672295005617721,0.6662349090962619,43,48,37,48
A_latest,V_select,s1_t1118936980200_a1532,118,0.036438039749658535,0.1372498431720859,0.20646605256035278,27,78,28,73
A_latest,V_select,s1_t1118936980200_a1534,115,-0.023350826153093262,-0.0729211912699042,0.36176672255539377,53,61,53,60
A_latest,V_select,s1_t1118936980200_a1561,128,0.007613842166729669,0.010042840733517994,0.2049340621852025,61,67,54,74
A_latest,V_select,s1_t1118937000200_a1538,96,0.07069667871474299,0.21152508269349035,0.146194315455053,41,55,52,44
A_latest,V_select,s1_t1118937000200_a1580,114,0.024083035134413167,0.06467174724431682,0.4488000779632178,51,63,50,62
A_latest,V_select,s1_t1118937000200_a1596,108,0.000590581672269097,0.007799863384039612,0.0889647977295243,61,47,55,47
A_latest,V_select,s1_t1118937020200_a1525,128,0.008584172182128823,0.03524111202911225,0.012049686150533034,19,109,15,113
A_latest,V_select,s1_t1118937020200_a1556,118,0.0398192982692526,0.11849134463713137,0.06520085267186652,41,77,50,66
A_latest,V_select,s1_t1118937020200_a1566,128,0.004905861738452437,0.022678614613930528,0.010714238371519968,34,94,23,105
A_latest,V_select,s1_t1118937040200_a1602,116,0.027803470414281006,0.0871585313344096,0.04390761345473885,20,96,18,96
A_latest,V_select,s1_t1118937040200_a1637,128,0.03461717137336428,0.11844230575179653,0.0412545906308992,27,101,34,94
A_latest,V_select,s1_t1118937040200_a1638,128,0.27195591714112655,0.5885567058763437,0.8450580353782016,45,83,44,84
A_latest,V_select,s1_t1118937060200_a1627,118,0.08146897373975222,0.17328849478395297,0.6092893429249979,46,62,51,55
A_latest,V_select,s1_t1118937060200_a1652,63,0.0007055891559195001,0.024147408163861066,0.6464206773846869,28,34,24,30
A_latest,V_select,s1_t1118937060200_a1658,82,0.15588695920129342,0.2638306045060753,0.8034365982634992,28,52,33,41
A_latest,V_select,s1_t1118937080200_a1692,112,0.025548482230460676,0.08230872248286183,0.22599757978511142,44,53,42,48
A_latest,V_select,s1_t1118937080200_a1696,112,0.1151593853711291,0.26684848924961996,0.3511574609599068,43,69,48,61
A_latest,V_select,s1_t1118937080200_a1706,128,0.09052837914094097,0.21118620893891543,0.4862373670054012,45,81,46,80
A_latest,V_select,s1_t1118937100200_a1644,118,0.10154861145249663,0.27929762975217126,0.2680905266305811,61,57,59,57
A_latest,V_select,s1_t1118937100200_a1686,128,0.0226977173645282,0.11017974246902007,0.1943038953751426,72,56,64,64
A_latest,V_select,s1_t1118937100200_a1745,118,-0.025630833636241933,-0.0482251094956772,0.15767391889879698,39,79,47,68
