record_type,split,snr_db,input_path,input_semantic_hash,window_entries,unique_episode_frame_slot,track_exists_exact,detected_change_count,all_state_exact_fraction,position_difference_m_count,position_difference_m_mean,position_difference_m_median,position_difference_m_p90,position_difference_m_p99,position_difference_m_max,velocity_difference_mps_count,velocity_difference_mps_mean,velocity_difference_mps_median,velocity_difference_mps_p90,velocity_difference_mps_p99,velocity_difference_mps_max,state_x_mean,state_x_std,state_y_mean,state_y_std,state_vx_mean,state_vx_std,state_vy_mean,state_vy_std,model,prediction_change_m,paired_ADE_signed_difference_m,paired_ADE_absolute_difference_m,paired_FDE_signed_difference_m,paired_FDE_absolute_difference_m
input_difference_vs_20dB,train,5,data/f01d/inputs/train_snr_5.npz,f02dc70bc1e24f8d91b87e53b942ece5a54d435dc9ecf891d3087153127da796,701822,192400,True,0,0.8640894699795675,701822,0.0018718660194441837,0.0,0.0,0.029156244546822325,0.035362892186082934,701822,0.0016461976938405183,0.0,0.0001484186773471839,0.025013713395747855,0.038260049619744524,-0.6401608878969343,9.358513443912925,-35.67480814773045,136.70620933199157,0.06985732512356335,1.1613858985699301,-1.1878174746962629,8.089026457468629,,,,,,
input_difference_vs_20dB,train,10,data/f01d/inputs/train_snr_10.npz,1cf1381364c19b0925e130df5b37b49dc4103125ffd730327236e7dce3fc4c58,701822,192400,True,0,0.9352100675099954,701822,0.0008743039108379191,0.0,0.0,0.02500152587890625,0.03536221794582202,701822,0.0007792153428328103,0.0,0.0,0.025000005960464478,0.03721387680232687,-0.6401721768914448,9.358498734719436,-35.67482440099922,136.70620914872117,0.0698566881383922,1.1613811119643247,-1.1878124753206944,8.08901322250508,,,,,,
input_difference_vs_20dB,train,15,data/f01d/inputs/train_snr_15.npz,c54a7248b8f18c997892c3b3f214d98607bbb5e1f33b82c69b5b1442390010f0,701822,192400,True,0,0.9766963703047211,701822,0.00031826807460264825,0.0,0.0,0.024993896484375,0.03536221794582202,701822,0.0002709622919098322,0.0,0.0,0.010715971814663633,0.03614753977716987,-0.6401959367564704,9.35850816904937,-35.67481863762698,136.7062003495093,0.06985749945963603,1.1613801472357954,-1.1878143612800325,8.089017484657553,,,,,,
input_difference_vs_20dB,train,20,data/f01d/inputs/train_snr_20.npz,3b52520590b7c9a2158593631ce91af11170e86cd12ef62c22c51cae2a909208,701822,192400,True,0,1.0,701822,0.0,0.0,0.0,0.0,0.0,701822,0.0,0.0,0.0,0.0,0.0,-0.6401943901222179,9.358517806157083,-35.67480921477879,136.70620277756038,0.06984909770633341,1.1613785931783782,-1.1878065866997212,8.088999818395518,,,,,,
model_output_difference_vs_20dB,train,5,,,,,,,,,,,,,,,,,,,,,,,,,,,,Q_best,"{""count"": 34425, ""mean"": 0.004241897800816822, ""median"": 0.0006966309738345444, ""p90"": 0.019070295989513417, ""p99"": 0.03536396890878677}","{""count"": 34342, ""mean"": 6.711787895472431e-05, ""median"": 0.0, ""p90"": 0.0022563621645483897, ""p99"": 0.02172178214454074}","{""count"": 34342, ""mean"": 0.002073694881562815, ""median"": 0.0002428206794827109, ""p90"": 0.005620907237465002, ""p99"": 0.025381680415173847}","{""count"": 33073, ""mean"": 2.6977599390431646e-05, ""median"": 0.0, ""p90"": 0.005222322466833447, ""p99"": 0.03644610541552228}","{""count"": 33073, ""mean"": 0.004257432271488156, ""median"": 0.0006496875939805413, ""p90"": 0.011998096388658829, ""p99"": 0.04867484132222841}"
model_output_difference_vs_20dB,train,10,,,,,,,,,,,,,,,,,,,,,,,,,,,,Q_best,"{""count"": 34425, ""mean"": 0.0022209856760310536, ""median"": 0.00024351259344257414, ""p90"": 0.003985200356692077, ""p99"": 0.028975896015763412}","{""count"": 34342, ""mean"": 1.1610875062082578e-05, ""median"": 0.0, ""p90"": 0.0008921412259356277, ""p99"": 0.013355021487350854}","{""count"": 34342, ""mean"": 0.001094841488938332, ""median"": 7.947440906039271e-05, ""p90"": 0.002168059593520849, ""p99"": 0.02006824509569538}","{""count"": 33073, ""mean"": 9.191296244728466e-06, ""median"": 0.0, ""p90"": 0.002317042436300109, ""p99"": 0.024698351883198494}","{""count"": 33073, ""mean"": 0.002330563930856453, ""median"": 0.00020962683969455442, ""p90"": 0.00532842671000877, ""p99"": 0.03452622816112001}"
model_output_difference_vs_20dB,train,15,,,,,,,,,,,,,,,,,,,,,,,,,,,,Q_best,"{""count"": 34425, ""mean"": 0.0008807528859943854, ""median"": 2.5399684091098607e-05, ""p90"": 0.0012104956433176997, ""p99"": 0.024999526888132097}","{""count"": 34342, ""mean"": 7.11574122327904e-07, ""median"": 0.0, ""p90"": 0.0002475863884769559, ""p99"": 0.004276347867844447}","{""count"": 34342, ""mean"": 0.0004429873540026078, ""median"": 8.237061115579092e-06, ""p90"": 0.0006859586413950763, ""p99"": 0.009584130801808845}","{""count"": 33073, ""mean"": 1.5776932917675382e-05, ""median"": 0.0, ""p90"": 0.0006772544457444684, ""p99"": 0.010083482908505194}","{""count"": 33073, ""mean"": 0.0009648319704934127, ""median"": 2.0289748801527452e-05, ""p90"": 0.0017969265536283523, ""p99"": 0.019631512877842327}"
model_output_difference_vs_20dB,train,20,,,,,,,,,,,,,,,,,,,,,,,,,,,,Q_best,"{""count"": 34425, ""mean"": 0.0, ""median"": 0.0, ""p90"": 0.0, ""p99"": 0.0}","{""count"": 34342, ""mean"": 0.0, ""median"": 0.0, ""p90"": 0.0, ""p99"": 0.0}","{""count"": 34342, ""mean"": 0.0, ""median"": 0.0, ""p90"": 0.0, ""p99"": 0.0}","{""count"": 33073, ""mean"": 0.0, ""median"": 0.0, ""p90"": 0.0, ""p99"": 0.0}","{""count"": 33073, ""mean"": 0.0, ""median"": 0.0, ""p90"": 0.0, ""p99"": 0.0}"
model_output_difference_vs_20dB,train,5,,,,,,,,,,,,,,,,,,,,,,,,,,,,G_best,"{""count"": 34425, ""mean"": 0.004626688007885875, ""median"": 0.0007955286419019103, ""p90"": 0.020651707425713543, ""p99"": 0.0361543671786786}","{""count"": 34342, ""mean"": 9.305366833304089e-05, ""median"": 0.0, ""p90"": 0.0027932309798487896, ""p99"": 0.0229604585389252}","{""count"": 34342, ""mean"": 0.002386761847359655, ""median"": 0.00030260637427109716, ""p90"": 0.0067802806829028745, ""p99"": 0.026015327445372074}","{""count"": 33073, ""mean"": -1.1104768725471415e-05, ""median"": 0.0, ""p90"": 0.006333662511275116, ""p99"": 0.04203495329102043}","{""count"": 33073, ""mean"": 0.0050857404223975606, ""median"": 0.0008102560587183172, ""p90"": 0.014463312860195967, ""p99"": 0.053256936569913205}"
model_output_difference_vs_20dB,train,10,,,,,,,,,,,,,,,,,,,,,,,,,,,,G_best,"{""count"": 34425, ""mean"": 0.0024256324510542205, ""median"": 0.0002477295056451112, ""p90"": 0.0049349997192621245, ""p99"": 0.03127436533570297}","{""count"": 34342, ""mean"": 2.4865715818559473e-05, ""median"": 0.0, ""p90"": 0.0011015422109799335, ""p99"": 0.01566295993027778}","{""count"": 34342, ""mean"": 0.0012771013248915187, ""median"": 8.786492715001648e-05, ""p90"": 0.0027498321529430218, ""p99"": 0.021777777059264473}","{""count"": 33073, ""mean"": -1.7598360745789936e-05, ""median"": 0.0, ""p90"": 0.002821431741083324, ""p99"": 0.02630794754262006}","{""count"": 33073, ""mean"": 0.0027687754356968625, ""median"": 0.00024591662949591253, ""p90"": 0.006680646309593571, ""p99"": 0.03824047735684715}"
model_output_difference_vs_20dB,train,15,,,,,,,,,,,,,,,,,,,,,,,,,,,,G_best,"{""count"": 34425, ""mean"": 0.0009817346708154446, ""median"": 2.8117065085098147e-05, ""p90"": 0.0014643367147073208, ""p99"": 0.025007247924804688}","{""count"": 34342, ""mean"": 3.9556756993929175e-06, ""median"": 0.0, ""p90"": 0.00027333171680236673, ""p99"": 0.005447726517591658}","{""count"": 34342, ""mean"": 0.0005278335772973137, ""median"": 1.0417503605881367e-05, ""p90"": 0.0008430062903051654, ""p99"": 0.01172356589094569}","{""count"": 33073, ""mean"": 1.1731661478061231e-05, ""median"": 0.0, ""p90"": 0.0007506791062860118, ""p99"": 0.012542769585797774}","{""count"": 33073, ""mean"": 0.0011800190859164914, ""median"": 2.7880365617849456e-05, ""p90"": 0.0022034633907046727, ""p99"": 0.022129038812629374}"
model_output_difference_vs_20dB,train,20,,,,,,,,,,,,,,,,,,,,,,,,,,,,G_best,"{""count"": 34425, ""mean"": 0.0, ""median"": 0.0, ""p90"": 0.0, ""p99"": 0.0}","{""count"": 34342, ""mean"": 0.0, ""median"": 0.0, ""p90"": 0.0, ""p99"": 0.0}","{""count"": 34342, ""mean"": 0.0, ""median"": 0.0, ""p90"": 0.0, ""p99"": 0.0}","{""count"": 33073, ""mean"": 0.0, ""median"": 0.0, ""p90"": 0.0, ""p99"": 0.0}","{""count"": 33073, ""mean"": 0.0, ""median"": 0.0, ""p90"": 0.0, ""p99"": 0.0}"
model_output_difference_vs_20dB,train,5,,,,,,,,,,,,,,,,,,,,,,,,,,,,A_best,"{""count"": 34425, ""mean"": 0.004317851696765765, ""median"": 0.0006262732786126435, ""p90"": 0.020064086094498657, ""p99"": 0.03557736158370972}","{""count"": 34342, ""mean"": 0.00010125124887650013, ""median"": 0.0, ""p90"": 0.0023026583303181808, ""p99"": 0.02287394215503049}","{""count"": 34342, ""mean"": 0.002165682485964984, ""median"": 0.00023518128159232682, ""p90"": 0.005700130937022037, ""p99"": 0.025777693142160857}","{""count"": 33073, ""mean"": 6.36943497179085e-05, ""median"": 0.0, ""p90"": 0.005444417821782133, ""p99"": 0.039806524737081364}","{""count"": 33073, ""mean"": 0.004541494723851588, ""median"": 0.0006357395682723421, ""p90"": 0.012678030834429324, ""p99"": 0.04991295408110399}"
model_output_difference_vs_20dB,train,10,,,,,,,,,,,,,,,,,,,,,,,,,,,,A_best,"{""count"": 34425, ""mean"": 0.0022658148516828958, ""median"": 0.00021237236796878278, ""p90"": 0.0039471109397709375, ""p99"": 0.030204351246356984}","{""count"": 34342, ""mean"": 2.9183620934298067e-05, ""median"": 0.0, ""p90"": 0.0008769436418936047, ""p99"": 0.015492429285296245}","{""count"": 34342, ""mean"": 0.0011561576814967684, ""median"": 7.244484372548321e-05, ""p90"": 0.002206516211558058, ""p99"": 0.021510494881770283}","{""count"": 33073, ""mean"": 4.589886132779408e-05, ""median"": 0.0, ""p90"": 0.0023213770794917933, ""p99"": 0.025835799631910943}","{""count"": 33073, ""mean"": 0.0024966851230552567, ""median"": 0.0001932860285593918, ""p90"": 0.005449639916400455, ""p99"": 0.037114272469214594}"
model_output_difference_vs_20dB,train,15,,,,,,,,,,,,,,,,,,,,,,,,,,,,A_best,"{""count"": 34425, ""mean"": 0.0008889898348304931, ""median"": 2.1938241843599826e-05, ""p90"": 0.0011453702114522471, ""p99"": 0.025000653117895125}","{""count"": 34342, ""mean"": 8.737505745414118e-06, ""median"": 0.0, ""p90"": 0.00023749065769649325, ""p99"": 0.004470765696023292}","{""count"": 34342, ""mean"": 0.00045772851324400114, ""median"": 7.2951513215846475e-06, ""p90"": 0.000659073337908578, ""p99"": 0.01038654936944869}","{""count"": 33073, ""mean"": 1.0540303788530285e-05, ""median"": 0.0, ""p90"": 0.0006517411494051716, ""p99"": 0.010779463710225425}","{""count"": 33073, ""mean"": 0.001012776584217909, ""median"": 1.756525869334169e-05, ""p90"": 0.00175234660317658, ""p99"": 0.02136131613959618}"
model_output_difference_vs_20dB,train,20,,,,,,,,,,,,,,,,,,,,,,,,,,,,A_best,"{""count"": 34425, ""mean"": 0.0, ""median"": 0.0, ""p90"": 0.0, ""p99"": 0.0}","{""count"": 34342, ""mean"": 0.0, ""median"": 0.0, ""p90"": 0.0, ""p99"": 0.0}","{""count"": 34342, ""mean"": 0.0, ""median"": 0.0, ""p90"": 0.0, ""p99"": 0.0}","{""count"": 33073, ""mean"": 0.0, ""median"": 0.0, ""p90"": 0.0, ""p99"": 0.0}","{""count"": 33073, ""mean"": 0.0, ""median"": 0.0, ""p90"": 0.0, ""p99"": 0.0}"
input_difference_vs_20dB,V_select,5,data/f01d/inputs/V_select_snr_5.npz,0e9a9ab4a13d65f0ea08e0700e4431a25295732b6290b61e76cf1ed78f375f86,57958,30804,True,0,0.8530487594464957,57958,0.0021799319235590226,0.0,0.0,0.03535109092874405,0.039705136486671025,57958,0.00164918315241284,0.0,0.00019264752314582598,0.025000572204589844,0.036375630842460274,-1.1048434933461049,8.711767679167396,-42.339114507035,133.6722837306323,0.04263213745957842,0.9875802145058514,-1.881508996202098,7.846737511123266,,,,,,
input_difference_vs_20dB,V_select,10,data/f01d/inputs/V_select_snr_10.npz,c176b7381ea84de21b070680332df5cdc849a7d66ad5265a4858472b6cd2593e,57958,30804,True,0,0.925290727768384,57958,0.00110919332672288,0.0,0.0,0.02500152587890625,0.035362892186082934,57958,0.000803292317376459,0.0,0.0,0.025000005960464478,0.03535640117689146,-1.1048226158602792,8.711689088790164,-42.33916194784116,133.67233058166107,0.04268867921559199,0.9876018657234164,-1.8814929900944963,7.846742796956104,,,,,,
input_difference_vs_20dB,V_select,15,data/f01d/inputs/V_select_snr_15.npz,87f854adc9c7046926b24453a40a7a9b6426395c853aaf229176f9761fa4485a,57958,30804,True,0,0.9725663411435868,57958,0.00040934972290889094,0.0,0.0,0.024999618530273438,0.035362892186082934,57958,0.0002887088655528143,0.0,0.0,0.02052754361198128,0.03535640117689146,-1.1048728352257484,8.711633577416105,-42.339183690938476,133.67234086287093,0.04270930036701861,0.9876031936511396,-1.881456872179934,7.846747523525467,,,,,,
input_difference_vs_20dB,V_select,20,data/f01d/inputs/V_select_snr_20.npz,e624865062b792ba16d597a48f60e15060412e21d0de1b42a64ad18b3d35ce40,57958,30804,True,0,1.0,57958,0.0,0.0,0.0,0.0,0.0,57958,0.0,0.0,0.0,0.0,0.0,-1.104899714015281,8.711597606422933,-42.33917895607664,133.67236238577223,0.042723785977880645,0.9875723030088056,-1.8814455724448556,7.846758573147146,,,,,,
model_output_difference_vs_20dB,V_select,5,,,,,,,,,,,,,,,,,,,,,,,,,,,,Q_best,"{""count"": 2871, ""mean"": 0.004525409613603448, ""median"": 0.0006914072437211871, ""p90"": 0.022465646266937256, ""p99"": 0.03535256795585155}","{""count"": 2867, ""mean"": 9.164119950661659e-05, ""median"": 4.48496642185825e-08, ""p90"": 0.002660897463193169, ""p99"": 0.021676334712970705}","{""count"": 2867, ""mean"": 0.0022739067288804382, ""median"": 0.00024164398541753895, ""p90"": 0.007351879011010011, ""p99"": 0.023861847995365528}","{""count"": 2808, ""mean"": 0.00020832753119930079, ""median"": 0.0, ""p90"": 0.005781777459132577, ""p99"": 0.033914007178227776}","{""count"": 2808, ""mean"": 0.004308287824761969, ""median"": 0.0006511734987152962, ""p90"": 0.013893150559830087, ""p99"": 0.040970334109754813}"
model_output_difference_vs_20dB,V_select,10,,,,,,,,,,,,,,,,,,,,,,,,,,,,Q_best,"{""count"": 2871, ""mean"": 0.0024416801887979967, ""median"": 0.00026484887348487973, ""p90"": 0.004318971186876297, ""p99"": 0.026486180722713484}","{""count"": 2867, ""mean"": 0.00010400233488741703, ""median"": 0.0, ""p90"": 0.0011104582115034408, ""p99"": 0.015817722375674324}","{""count"": 2867, ""mean"": 0.001285505570479384, ""median"": 8.839206661387204e-05, ""p90"": 0.002571105020603161, ""p99"": 0.01993977642437556}","{""count"": 2808, ""mean"": 0.00021975439294608966, ""median"": 0.0, ""p90"": 0.0028155596164520457, ""p99"": 0.024538023302227006}","{""count"": 2808, ""mean"": 0.0024309581354874897, ""median"": 0.00021336375207420266, ""p90"": 0.00570386351688581, ""p99"": 0.03228239401852121}"
model_output_difference_vs_20dB,V_select,15,,,,,,,,,,,,,,,,,,,,,,,,,,,,Q_best,"{""count"": 2871, ""mean"": 0.0008960616821112239, ""median"": 2.450079409754835e-05, ""p90"": 0.0012591715203598142, ""p99"": 0.024994774162769316}","{""count"": 2867, ""mean"": 3.3845755666407844e-05, ""median"": 0.0, ""p90"": 0.00035381215272245475, ""p99"": 0.006072721262531638}","{""count"": 2867, ""mean"": 0.0004949274830493796, ""median"": 1.0930441542988945e-05, ""p90"": 0.0007987228858919785, ""p99"": 0.013202911934812794}","{""count"": 2808, ""mean"": 0.00013240939858656474, ""median"": 0.0, ""p90"": 0.0008984436969337484, ""p99"": 0.013006711353929362}","{""count"": 2808, ""mean"": 0.0009657868652714257, ""median"": 2.2770204721045753e-05, ""p90"": 0.001874779482894651, ""p99"": 0.019360813552834547}"
model_output_difference_vs_20dB,V_select,20,,,,,,,,,,,,,,,,,,,,,,,,,,,,Q_best,"{""count"": 2871, ""mean"": 0.0, ""median"": 0.0, ""p90"": 0.0, ""p99"": 0.0}","{""count"": 2867, ""mean"": 0.0, ""median"": 0.0, ""p90"": 0.0, ""p99"": 0.0}","{""count"": 2867, ""mean"": 0.0, ""median"": 0.0, ""p90"": 0.0, ""p99"": 0.0}","{""count"": 2808, ""mean"": 0.0, ""median"": 0.0, ""p90"": 0.0, ""p99"": 0.0}","{""count"": 2808, ""mean"": 0.0, ""median"": 0.0, ""p90"": 0.0, ""p99"": 0.0}"
model_output_difference_vs_20dB,V_select,5,,,,,,,,,,,,,,,,,,,,,,,,,,,,G_best,"{""count"": 2871, ""mean"": 0.00483512537156243, ""median"": 0.0007249226327985525, ""p90"": 0.02352675423026085, ""p99"": 0.035359013825654984}","{""count"": 2867, ""mean"": -3.858085869756182e-05, ""median"": 2.4793433970986267e-07, ""p90"": 0.0031097247643909333, ""p99"": 0.020791641492270203}","{""count"": 2867, ""mean"": 0.002495728549832218, ""median"": 0.00027816163243188363, ""p90"": 0.008023885341040439, ""p99"": 0.0252662510623681}","{""count"": 2808, ""mean"": -0.00014341405007830952, ""median"": 9.168732832860738e-08, ""p90"": 0.006984952696660689, ""p99"": 0.03496274101845185}","{""count"": 2808, ""mean"": 0.004946963478409457, ""median"": 0.0007146813851806044, ""p90"": 0.014815373553176886, ""p99"": 0.049939564192248}"
model_output_difference_vs_20dB,V_select,10,,,,,,,,,,,,,,,,,,,,,,,,,,,,G_best,"{""count"": 2871, ""mean"": 0.0025809035765697315, ""median"": 0.00024838405079208314, ""p90"": 0.005340634845197201, ""p99"": 0.02760158944875005}","{""count"": 2867, ""mean"": 0.00012012754224403485, ""median"": 5.0231678474718655e-08, ""p90"": 0.0013757491415419942, ""p99"": 0.01588266403649583}","{""count"": 2867, ""mean"": 0.0013608728672147487, ""median"": 8.74102339186722e-05, ""p90"": 0.003265432194080154, ""p99"": 0.020731086115153487}","{""count"": 2808, ""mean"": 0.00019932632976995214, ""median"": 0.0, ""p90"": 0.0033274203527553234, ""p99"": 0.025119262717954075}","{""count"": 2808, ""mean"": 0.0027135506443517134, ""median"": 0.00022238016274915649, ""p90"": 0.007215363897093049, ""p99"": 0.03556103154580174}"
model_output_difference_vs_20dB,V_select,15,,,,,,,,,,,,,,,,,,,,,,,,,,,,G_best,"{""count"": 2871, ""mean"": 0.0009757842939006739, ""median"": 2.8840975573984906e-05, ""p90"": 0.0014680103631690145, ""p99"": 0.025005976110696795}","{""count"": 2867, ""mean"": 1.66037763216636e-05, ""median"": 0.0, ""p90"": 0.0002688795387453269, ""p99"": 0.0067472456427690765}","{""count"": 2867, ""mean"": 0.0005368210746399301, ""median"": 1.0951528928049292e-05, ""p90"": 0.0008707668480072428, ""p99"": 0.010581059007605101}","{""count"": 2808, ""mean"": 5.8431216684150505e-05, ""median"": 0.0, ""p90"": 0.0006966519377275661, ""p99"": 0.011801237258660441}","{""count"": 2808, ""mean"": 0.0011224911647962608, ""median"": 2.89008476158795e-05, ""p90"": 0.002111085564818686, ""p99"": 0.021325544519385974}"
model_output_difference_vs_20dB,V_select,20,,,,,,,,,,,,,,,,,,,,,,,,,,,,G_best,"{""count"": 2871, ""mean"": 0.0, ""median"": 0.0, ""p90"": 0.0, ""p99"": 0.0}","{""count"": 2867, ""mean"": 0.0, ""median"": 0.0, ""p90"": 0.0, ""p99"": 0.0}","{""count"": 2867, ""mean"": 0.0, ""median"": 0.0, ""p90"": 0.0, ""p99"": 0.0}","{""count"": 2808, ""mean"": 0.0, ""median"": 0.0, ""p90"": 0.0, ""p99"": 0.0}","{""count"": 2808, ""mean"": 0.0, ""median"": 0.0, ""p90"": 0.0, ""p99"": 0.0}"
model_output_difference_vs_20dB,V_select,5,,,,,,,,,,,,,,,,,,,,,,,,,,,,A_best,"{""count"": 2871, ""mean"": 0.004516677393660523, ""median"": 0.0006144576473161578, ""p90"": 0.022309867665171623, ""p99"": 0.03533707596361637}","{""count"": 2867, ""mean"": 2.9770923026548116e-05, ""median"": 2.814669035604983e-08, ""p90"": 0.002624942407055446, ""p99"": 0.021103383263733507}","{""count"": 2867, ""mean"": 0.0022470873932628043, ""median"": 0.00024307916898247406, ""p90"": 0.006484731949278747, ""p99"": 0.024586413075165448}","{""count"": 2808, ""mean"": 7.591032822855014e-05, ""median"": 0.0, ""p90"": 0.00564604689738254, ""p99"": 0.036559427573772355}","{""count"": 2808, ""mean"": 0.004208558091885965, ""median"": 0.0005595209294946835, ""p90"": 0.012807155527576244, ""p99"": 0.0445694285145001}"
model_output_difference_vs_20dB,V_select,10,,,,,,,,,,,,,,,,,,,,,,,,,,,,A_best,"{""count"": 2871, ""mean"": 0.002445693857502867, ""median"": 0.00019822840113192797, ""p90"": 0.004381086677312851, ""p99"": 0.028028994053602267}","{""count"": 2867, ""mean"": 9.73207755495441e-05, ""median"": 0.0, ""p90"": 0.0009627711417406815, ""p99"": 0.014702882285567648}","{""count"": 2867, ""mean"": 0.0012418582588807879, ""median"": 7.666202472045303e-05, ""p90"": 0.002617626293016086, ""p99"": 0.02067068571334823}","{""count"": 2808, ""mean"": 0.00021981977086834645, ""median"": 0.0, ""p90"": 0.0022764236853810285, ""p99"": 0.02489824383974561}","{""count"": 2808, ""mean"": 0.0023237597337922803, ""median"": 0.00018477538323910438, ""p90"": 0.0058230078704714534, ""p99"": 0.03524905890884951}"
model_output_difference_vs_20dB,V_select,15,,,,,,,,,,,,,,,,,,,,,,,,,,,,A_best,"{""count"": 2871, ""mean"": 0.0008911677014448988, ""median"": 1.6079375200206414e-05, ""p90"": 0.0011058576637879014, ""p99"": 0.024999720416963103}","{""count"": 2867, ""mean"": 2.252152348347317e-05, ""median"": 0.0, ""p90"": 0.0002554997654931058, ""p99"": 0.005031918674252682}","{""count"": 2867, ""mean"": 0.00046206176799803484, ""median"": 6.295059541638892e-06, ""p90"": 0.0006933496646141624, ""p99"": 0.012275232421257325}","{""count"": 2808, ""mean"": 0.00011001239630069978, ""median"": 0.0, ""p90"": 0.0006680942628311433, ""p99"": 0.011698621718506639}","{""count"": 2808, ""mean"": 0.000878547096429686, ""median"": 1.6428006891316266e-05, ""p90"": 0.0016839438947366986, ""p99"": 0.01634428680732248}"
model_output_difference_vs_20dB,V_select,20,,,,,,,,,,,,,,,,,,,,,,,,,,,,A_best,"{""count"": 2871, ""mean"": 0.0, ""median"": 0.0, ""p90"": 0.0, ""p99"": 0.0}","{""count"": 2867, ""mean"": 0.0, ""median"": 0.0, ""p90"": 0.0, ""p99"": 0.0}","{""count"": 2867, ""mean"": 0.0, ""median"": 0.0, ""p90"": 0.0, ""p99"": 0.0}","{""count"": 2808, ""mean"": 0.0, ""median"": 0.0, ""p90"": 0.0, ""p99"": 0.0}","{""count"": 2808, ""mean"": 0.0, ""median"": 0.0, ""p90"": 0.0, ""p99"": 0.0}"
