model,seed,epoch,execution_stage,loss,ADE,FDE,J,gradient_norm,graph_gradient_norm,elapsed_seconds,source_history
gnn,2026,1,parent_1_40,1.923344499163852,0.7793928201124072,1.6375181551510467,1.5981518976879305,1.6786328554153442,0.2419050931930542,34.02451436035335,project/results/qgat_extend100/seed2026/gnn/history.json
gnn,2026,2,parent_1_40,1.841420071020623,0.7660600264871028,1.594289564799983,1.5632048088870945,2.11698317527771,0.8468518853187561,67.17348801344633,project/results/qgat_extend100/seed2026/gnn/history.json
gnn,2026,3,parent_1_40,1.7988874837071385,0.7542107971402583,1.5716977021098137,1.5400596481951652,2.8721506595611572,1.4841338396072388,100.26386862620711,project/results/qgat_extend100/seed2026/gnn/history.json
gnn,2026,4,parent_1_40,1.7629416887771763,0.7369337035069474,1.514230900571565,1.49404915379273,4.2723164558410645,1.5372512340545654,133.62286660261452,project/results/qgat_extend100/seed2026/gnn/history.json
gnn,2026,5,parent_1_40,1.728159140522232,0.7278162685618736,1.5051447194314096,1.4803886282775784,3.111912727355957,0.7580077648162842,166.70053726807237,project/results/qgat_extend100/seed2026/gnn/history.json
gnn,2026,6,parent_1_40,1.6947359872478733,0.7134543206740637,1.468265302949585,1.4475869721488561,3.991596221923828,1.1214853525161743,199.8742335420102,project/results/qgat_extend100/seed2026/gnn/history.json
gnn,2026,7,parent_1_40,1.6645058937428512,0.7124599139450584,1.4568877254030665,1.4409037766465915,4.774749755859375,1.058961033821106,233.2691164072603,project/results/qgat_extend100/seed2026/gnn/history.json
gnn,2026,8,parent_1_40,1.6341674634413066,0.6982086148136296,1.423574183001183,1.4099957063142212,2.5132930278778076,0.8176857233047485,266.4842850789428,project/results/qgat_extend100/seed2026/gnn/history.json
gnn,2026,9,parent_1_40,1.604913221734948,0.6969768268335611,1.4214970204222481,1.4077253370446852,10.449624061584473,3.4679999351501465,310.76398170925677,project/results/qgat_extend100/seed2026/gnn/history.json
gnn,2026,10,parent_1_40,1.5771506662346433,0.681266778697609,1.3756963914015796,1.3691149743983988,4.432622909545898,1.5560137033462524,355.8309441972524,project/results/qgat_extend100/seed2026/gnn/history.json
gnn,2026,11,parent_1_40,1.5593681690778405,0.6732345339754829,1.3653101142018567,1.3558895910764113,7.080688953399658,4.209889888763428,400.4064490478486,project/results/qgat_extend100/seed2026/gnn/history.json
gnn,2026,12,parent_1_40,1.5330867309530785,0.6487527338467771,1.2970093811734114,1.2972574244334827,3.970886468887329,1.2565476894378662,433.7221860755235,project/results/qgat_extend100/seed2026/gnn/history.json
gnn,2026,13,parent_1_40,1.5160538537542247,0.6671406730177113,1.3522676571953343,1.3432745016153784,4.6823272705078125,2.3101093769073486,466.8356720749289,project/results/qgat_extend100/seed2026/gnn/history.json
gnn,2026,14,parent_1_40,1.4900737950384648,0.6373669612588129,1.2946458738826914,1.2846898982001584,6.957647800445557,3.8580942153930664,500.0404305793345,project/results/qgat_extend100/seed2026/gnn/history.json
gnn,2026,15,parent_1_40,1.470787595362035,0.6256361633096821,1.264209981331369,1.2577411539753665,3.3561880588531494,1.198405385017395,540.8806899916381,project/results/qgat_extend100/seed2026/gnn/history.json
gnn,2026,16,parent_1_40,1.4710445153131035,0.6243703069945332,1.2596827122831018,1.254211663136084,3.273303508758545,1.6543328762054443,585.44887682423,project/results/qgat_extend100/seed2026/gnn/history.json
gnn,2026,17,parent_1_40,1.4440371731977932,0.6414550802903249,1.3218418684700737,1.3023760145253618,4.292784214019775,1.7073391675949097,630.3515624701977,project/results/qgat_extend100/seed2026/gnn/history.json
gnn,2026,18,parent_1_40,1.4335018592732385,0.6378649894287809,1.3136945157847366,1.2947122473211492,5.205746650695801,0.8353255987167358,675.0268266368657,project/results/qgat_extend100/seed2026/gnn/history.json
gnn,2026,19,parent_1_40,1.4142731886594053,0.6230648434045725,1.2746599754982162,1.2603948311536806,2.867567777633667,0.9444534778594971,719.7020666562021,project/results/qgat_extend100/seed2026/gnn/history.json
gnn,2026,20,parent_1_40,1.4165655226508955,0.6211020670377183,1.2720506016380386,1.2571273678567376,6.632656574249268,1.6330925226211548,764.2112843003124,project/results/qgat_extend100/seed2026/gnn/history.json
gnn,2026,21,parent_1_40,1.3891547049331459,0.627782136721653,1.2758612353808714,1.2657127544120885,4.851742744445801,2.311161994934082,808.9522032160312,project/results/qgat_extend100/seed2026/gnn/history.json
gnn,2026,22,parent_1_40,1.3826728187867985,0.6160898601799272,1.2551067734201207,1.2436432468899876,5.32859468460083,2.761543035507202,842.2185392603278,project/results/qgat_extend100/seed2026/gnn/history.json
gnn,2026,23,parent_1_40,1.3719780120275582,0.639287508612033,1.3229025499121054,1.3007387835680857,5.1971964836120605,2.641239643096924,875.4100480414927,project/results/qgat_extend100/seed2026/gnn/history.json
gnn,2026,24,parent_1_40,1.3664418058172823,0.5974008273199434,1.2066454855690245,1.2007235701044556,3.363661289215088,1.5277267694473267,908.8812735509127,project/results/qgat_extend100/seed2026/gnn/history.json
gnn,2026,25,parent_1_40,1.3502276441302894,0.6041051974758739,1.2309028355806368,1.2195566152661923,6.224323272705078,2.337430477142334,942.1798304636031,project/results/qgat_extend100/seed2026/gnn/history.json
gnn,2026,26,parent_1_40,1.3502867930986835,0.6058845636626938,1.2357354289630893,1.2237522781442385,5.612846374511719,2.832085132598877,975.4139171689749,project/results/qgat_extend100/seed2026/gnn/history.json
gnn,2026,27,parent_1_40,1.3300082075808537,0.6018697295192397,1.2224408644397045,1.213090161739092,4.895336151123047,2.847684621810913,1008.6214274000376,project/results/qgat_extend100/seed2026/gnn/history.json
gnn,2026,28,parent_1_40,1.3244721272718285,0.6045662606466794,1.2343823441123822,1.2217574327028706,5.197484493255615,2.4378504753112793,1047.3508077207953,project/results/qgat_extend100/seed2026/gnn/history.json
gnn,2026,29,parent_1_40,1.3211678176296575,0.592768324909266,1.1912886135588634,1.1884126316886978,4.087180137634277,1.414406418800354,1091.8958807010204,project/results/qgat_extend100/seed2026/gnn/history.json
gnn,2026,30,parent_1_40,1.3060913469624273,0.6037641283025732,1.231362091600313,1.2194451741027297,4.137612819671631,1.3876150846481323,1136.7193136774004,project/results/qgat_extend100/seed2026/gnn/history.json
gnn,2026,31,parent_1_40,1.2963490869616965,0.5961122975620673,1.210436399092432,1.2013304971082834,12.469505310058594,9.583484649658203,1181.4493531603366,project/results/qgat_extend100/seed2026/gnn/history.json
gnn,2026,32,parent_1_40,1.2906480682800645,0.5873833548789844,1.188511241124943,1.181638975441456,17.01955795288086,12.180215835571289,1226.392666440457,project/results/qgat_extend100/seed2026/gnn/history.json
gnn,2026,33,parent_1_40,1.2977182068767195,0.5977237498020986,1.209813072378165,1.202630285991181,5.265206813812256,3.069755792617798,1270.8564622867852,project/results/qgat_extend100/seed2026/gnn/history.json
gnn,2026,34,parent_1_40,1.2800602662625624,0.597825415515108,1.2176315750047797,1.2066412030174978,7.103768825531006,2.957916498184204,1315.4968877192587,project/results/qgat_extend100/seed2026/gnn/history.json
gnn,2026,35,parent_1_40,1.2622512121805523,0.5898536000342574,1.1960550906613936,1.1878811453649543,6.973287582397461,3.89058518409729,1348.826425569132,project/results/qgat_extend100/seed2026/gnn/history.json
gnn,2026,36,parent_1_40,1.2584377097576496,0.5875607248069719,1.192582390771131,1.1838519201925375,6.185815334320068,3.852152109146118,1382.3200895562768,project/results/qgat_extend100/seed2026/gnn/history.json
gnn,2026,37,parent_1_40,1.2525875524134866,0.5878678869700525,1.1908633697341429,1.183299571837124,4.497341632843018,2.393686056137085,1415.6157342605293,project/results/qgat_extend100/seed2026/gnn/history.json
gnn,2026,38,parent_1_40,1.2444554287413259,0.5978656321164453,1.2228969856159528,1.2093141249244217,4.4640913009643555,2.68167781829834,1448.9612643178552,project/results/qgat_extend100/seed2026/gnn/history.json
gnn,2026,39,parent_1_40,1.2335591631164249,0.5838786101748701,1.185523112459923,1.1766401664048316,4.1046953201293945,2.2045702934265137,1482.3924344182014,project/results/qgat_extend100/seed2026/gnn/history.json
gnn,2026,40,parent_1_40,1.2267032969984026,0.5806464175239671,1.1756041373847983,1.1684484862163662,6.364168643951416,3.2157955169677734,1515.694593405351,project/results/qgat_extend100/seed2026/gnn/history.json
gnn,2026,41,continuation_41_100,1.2281827005658585,0.6010618286690441,1.227012752671726,1.2145682050049071,5.572880744934082,2.331557273864746,1534.4370111692697,project/results/qgat_extend100/seed2026/gnn/history.json
gnn,2026,42,continuation_41_100,1.2176450922867696,0.5776623821939575,1.1631386328249937,1.1592316986064544,4.026008129119873,1.8136922121047974,1552.9339611399919,project/results/qgat_extend100/seed2026/gnn/history.json
gnn,2026,43,continuation_41_100,1.2078769027402667,0.5786686182598351,1.173870858089649,1.1656040473046596,4.802452564239502,1.7622880935668945,1571.2885657120496,project/results/qgat_extend100/seed2026/gnn/history.json
gnn,2026,44,continuation_41_100,1.1980363488691437,0.589925016038469,1.2007615986664313,1.1903058153716848,5.344054222106934,3.080573558807373,1589.733830479905,project/results/qgat_extend100/seed2026/gnn/history.json
gnn,2026,45,continuation_41_100,1.1939126600508518,0.5836987414414762,1.1903240257647123,1.1788607543238323,5.739311695098877,3.068722724914551,1608.168280608952,project/results/qgat_extend100/seed2026/gnn/history.json
gnn,2026,46,continuation_41_100,1.1881426854442103,0.5758500818687026,1.1607941112614935,1.1562471374994492,5.534904479980469,2.250467300415039,1626.4759262762964,project/results/qgat_extend100/seed2026/gnn/history.json
gnn,2026,47,continuation_41_100,1.1882154372473583,0.5805673732556169,1.1687552202166989,1.1649449833639665,5.520442962646484,2.587897300720215,1645.074951613322,project/results/qgat_extend100/seed2026/gnn/history.json
gnn,2026,48,continuation_41_100,1.1763261819792388,0.5852229347120739,1.1912252758670365,1.1808355726455921,3.424741506576538,2.1383070945739746,1663.5072324927896,project/results/qgat_extend100/seed2026/gnn/history.json
gnn,2026,49,continuation_41_100,1.1719685849852983,0.5841955395572586,1.1884603275661358,1.1784257033403265,3.2789218425750732,1.2636871337890625,1681.817258162424,project/results/qgat_extend100/seed2026/gnn/history.json
gnn,2026,50,continuation_41_100,1.1620891241151634,0.5760838085401337,1.1702930263895541,1.161230321734911,8.694953918457031,3.124183177947998,1700.1634786669165,project/results/qgat_extend100/seed2026/gnn/history.json
gnn,2026,51,continuation_41_100,1.158859483936624,0.5683919502445497,1.1503580143966248,1.143570957442862,5.849241733551025,2.5682289600372314,1718.6613849587739,project/results/qgat_extend100/seed2026/gnn/history.json
gnn,2026,52,continuation_41_100,1.150335354383066,0.5774685271174531,1.175181245188578,1.165059149711742,7.594059467315674,2.8787121772766113,1736.8955579344183,project/results/qgat_extend100/seed2026/gnn/history.json
gnn,2026,53,continuation_41_100,1.1539378909296465,0.5751083664293402,1.1673922921309714,1.1588045124948259,4.494148254394531,1.6521735191345215,1755.253584947437,project/results/qgat_extend100/seed2026/gnn/history.json
gnn,2026,54,continuation_41_100,1.1421285027275216,0.5775351028819569,1.1715346188069087,1.1633024122854112,7.899379253387451,4.305929183959961,1773.552327701822,project/results/qgat_extend100/seed2026/gnn/history.json
gnn,2026,55,continuation_41_100,1.136033768416697,0.5805825052660657,1.1859287998091896,1.1735469051706606,5.647333145141602,2.005082130432129,1791.9019540771842,project/results/qgat_extend100/seed2026/gnn/history.json
gnn,2026,56,continuation_41_100,1.1303221193771789,0.57542861926544,1.1677704860194353,1.1593138622751575,7.105296611785889,1.954904317855835,1810.3450229447335,project/results/qgat_extend100/seed2026/gnn/history.json
gnn,2026,57,continuation_41_100,1.121910515261633,0.5779725200001848,1.178047753283172,1.1669963966417707,4.883095741271973,2.487454891204834,1828.7668229080737,project/results/qgat_extend100/seed2026/gnn/history.json
gnn,2026,58,continuation_41_100,1.1138730707587927,0.5701010607223724,1.1513824799051506,1.1457923006749478,5.447048664093018,1.7947036027908325,1847.3110575266182,project/results/qgat_extend100/seed2026/gnn/history.json
gnn,2026,59,continuation_41_100,1.1124196049113986,0.5823216310987482,1.1860752484557453,1.175359255326621,4.439282417297363,1.433721661567688,1865.6931258086115,project/results/qgat_extend100/seed2026/gnn/history.json
gnn,2026,60,continuation_41_100,1.1103442129433145,0.5698523617605679,1.1617206012865062,1.150712662403821,4.505885601043701,2.0084147453308105,1884.0007340610027,project/results/qgat_extend100/seed2026/gnn/history.json
gnn,2026,61,continuation_41_100,1.1051533404052267,0.5819499389675912,1.1871974033722654,1.1755486406537239,2.81597900390625,0.8462048172950745,1902.5177132654935,project/results/qgat_extend100/seed2026/gnn/history.json
gnn,2026,62,continuation_41_100,1.09134756734638,0.5711725068127271,1.1606327455374412,1.1514888795814477,8.867875099182129,4.559786319732666,1920.8918013609946,project/results/qgat_extend100/seed2026/gnn/history.json
gnn,2026,63,continuation_41_100,1.0918038739107991,0.5743569596396991,1.1776390221557813,1.1631764707175898,5.2700910568237305,2.786520004272461,1939.3411553371698,project/results/qgat_extend100/seed2026/gnn/history.json
gnn,2026,64,continuation_41_100,1.0815474898197732,0.5704300369077828,1.1664101909549207,1.1536351323852432,3.285811185836792,1.0344815254211426,1957.8058444987983,project/results/qgat_extend100/seed2026/gnn/history.json
gnn,2026,65,continuation_41_100,1.074028703173467,0.5704734250664478,1.1641377673106035,1.1525423087217495,6.371875762939453,3.575737476348877,1976.0896452013403,project/results/qgat_extend100/seed2026/gnn/history.json
gnn,2026,66,continuation_41_100,1.0766300563233073,0.5624208290435491,1.1416632888934692,1.1332524734902836,4.701552391052246,1.2450940608978271,1994.4237990956753,project/results/qgat_extend100/seed2026/gnn/history.json
gnn,2026,67,continuation_41_100,1.0636970063741624,0.5808604320581071,1.1886368815420427,1.1751788728291284,3.4185140132904053,1.397779941558838,2012.8662243951112,project/results/qgat_extend100/seed2026/gnn/history.json
gnn,2026,68,continuation_41_100,1.0620542932660928,0.5649774807377252,1.1549619408353466,1.1424584511553986,5.22197151184082,1.595127820968628,2031.309406477958,project/results/qgat_extend100/seed2026/gnn/history.json
gnn,2026,69,continuation_41_100,1.0617666116253195,0.5581763165706071,1.142588194665732,1.129470413903473,4.4632158279418945,1.795013666152954,2049.8692867998034,project/results/qgat_extend100/seed2026/gnn/history.json
gnn,2026,70,continuation_41_100,1.0598188676282423,0.581131413851399,1.1936205415421863,1.1779416846224922,20.291427612304688,11.107940673828125,2068.1538744084537,project/results/qgat_extend100/seed2026/gnn/history.json
gnn,2026,71,continuation_41_100,1.0548359885862828,0.5711445322277723,1.171384800366359,1.1568369324109518,6.380439758300781,2.63326358795166,2086.6558459699154,project/results/qgat_extend100/seed2026/gnn/history.json
gnn,2026,72,continuation_41_100,1.044638084772364,0.5703012918360764,1.1676813010883054,1.154141942380229,4.623092174530029,1.9808286428451538,2104.98377424106,project/results/qgat_extend100/seed2026/gnn/history.json
gnn,2026,73,continuation_41_100,1.0422983158814152,0.5761546116269892,1.1811356296838496,1.166722426468914,5.735130786895752,2.338428258895874,2123.3722748402506,project/results/qgat_extend100/seed2026/gnn/history.json
gnn,2026,74,continuation_41_100,1.039444253366903,0.5647276230953867,1.1554301824077267,1.14244271429925,4.985694408416748,1.9663609266281128,2142.0461004450917,project/results/qgat_extend100/seed2026/gnn/history.json
gnn,2026,75,continuation_41_100,1.0333253253492327,0.5667695719350013,1.1606889150384814,1.147114029454242,4.760725975036621,2.580399751663208,2160.488092891872,project/results/qgat_extend100/seed2026/gnn/history.json
gnn,2026,76,continuation_41_100,1.0299779795208241,0.576783992589335,1.1894780121091753,1.1715229986439226,9.606452941894531,3.796006202697754,2178.900598919019,project/results/qgat_extend100/seed2026/gnn/history.json
gnn,2026,77,continuation_41_100,1.0218972411428964,0.5692939181681141,1.1614447965432193,1.1500163164397237,2.999532699584961,1.1957569122314453,2197.2819847855717,project/results/qgat_extend100/seed2026/gnn/history.json
gnn,2026,78,continuation_41_100,1.0205957518008018,0.5674659229023382,1.1646232177352067,1.1497775317699417,5.0172810554504395,2.942139148712158,2215.6535029150546,project/results/qgat_extend100/seed2026/gnn/history.json
gnn,2026,79,continuation_41_100,1.0182235033517701,0.5743219295475865,1.1721509407646955,1.1603973999299342,4.152310848236084,1.587485432624817,2234.2059701643884,project/results/qgat_extend100/seed2026/gnn/history.json
gnn,2026,80,continuation_41_100,1.0103947638627495,0.5624521570821526,1.1599245843465904,1.1424144492554478,4.761440277099609,1.2149616479873657,2252.674835909158,project/results/qgat_extend100/seed2026/gnn/history.json
gnn,2026,81,continuation_41_100,1.0077798624987386,0.5624822962394683,1.1494980991928605,1.1372313458358985,5.504854202270508,1.4219225645065308,2271.145531732589,project/results/qgat_extend100/seed2026/gnn/history.json
gnn,2026,82,continuation_41_100,1.0014931831645157,0.5657944465579932,1.1552382670727093,1.143413580094348,6.99862003326416,2.2515625953674316,2289.543000884354,project/results/qgat_extend100/seed2026/gnn/history.json
gnn,2026,83,continuation_41_100,0.9969383654110624,0.5732060308300424,1.1784722458280157,1.1624421537440504,7.991500377655029,3.009014129638672,2307.9518219195306,project/results/qgat_extend100/seed2026/gnn/history.json
gnn,2026,84,continuation_41_100,0.9970465124265678,0.5621411986835301,1.153237256446737,1.1387598269068986,4.310953140258789,1.0953437089920044,2326.228854363784,project/results/qgat_extend100/seed2026/gnn/history.json
gnn,2026,85,continuation_41_100,0.9919321280188294,0.5681574611354153,1.1642446250736247,1.1502797736722277,5.3506388664245605,1.4253098964691162,2344.5334010683,project/results/qgat_extend100/seed2026/gnn/history.json
gnn,2026,86,continuation_41_100,0.987354757034321,0.5642597738816403,1.1545017220801674,1.1415106349217239,6.159668922424316,2.7735445499420166,2363.0467183962464,project/results/qgat_extend100/seed2026/gnn/history.json
gnn,2026,87,continuation_41_100,0.9860406807788451,0.5569917084614281,1.143213385072304,1.1285984009975802,5.286245346069336,1.3903127908706665,2381.4846597071737,project/results/qgat_extend100/seed2026/gnn/history.json
gnn,2026,88,continuation_41_100,0.9800047828799262,0.562540544088115,1.1447128884895938,1.1348969883329119,4.982616901397705,1.6558908224105835,2400.129767548293,project/results/qgat_extend100/seed2026/gnn/history.json
gnn,2026,89,continuation_41_100,0.9765874830897509,0.5606481521303067,1.1377186804875965,1.1295074923741049,5.185343265533447,2.5962424278259277,2418.5160473547876,project/results/qgat_extend100/seed2026/gnn/history.json
gnn,2026,90,continuation_41_100,0.9728471282194876,0.5595461415802128,1.1455138447874924,1.1323030639739589,4.813957214355469,1.4058797359466553,2436.772979354486,project/results/qgat_extend100/seed2026/gnn/history.json
gnn,2026,91,continuation_41_100,0.965883751767544,0.5609915229288163,1.1462350419117138,1.1341090438846733,4.0375823974609375,1.5379135608673096,2455.1473593953997,project/results/qgat_extend100/seed2026/gnn/history.json
gnn,2026,92,continuation_41_100,0.9670488696245272,0.5625944014394191,1.147875435052556,1.1365321189656972,6.9727301597595215,2.9277608394622803,2473.5826205518097,project/results/qgat_extend100/seed2026/gnn/history.json
gnn,2026,93,continuation_41_100,0.9577854682162208,0.5510337719880045,1.1231801788223674,1.1126238613991881,4.206645488739014,1.4508432149887085,2492.1436754614115,project/results/qgat_extend100/seed2026/gnn/history.json
gnn,2026,94,continuation_41_100,0.9563284633309589,0.5653378026993596,1.1639883729675784,1.1473319891831488,4.353317737579346,2.0733046531677246,2510.4871980026364,project/results/qgat_extend100/seed2026/gnn/history.json
gnn,2026,95,continuation_41_100,0.9545540593512145,0.561604490740574,1.1520995548309294,1.1376542681560387,4.895462512969971,2.3232295513153076,2529.104160664603,project/results/qgat_extend100/seed2026/gnn/history.json
gnn,2026,96,continuation_41_100,0.9436077499393946,0.5666854649485321,1.1648454978337395,1.1491082138654019,6.120705604553223,2.0174050331115723,2547.249005606398,project/results/qgat_extend100/seed2026/gnn/history.json
gnn,2026,97,continuation_41_100,0.944966243782394,0.5516128726955504,1.1216386450035496,1.112432195197325,5.242123126983643,1.5658200979232788,2565.639320326969,project/results/qgat_extend100/seed2026/gnn/history.json
gnn,2026,98,continuation_41_100,0.9406819705018741,0.5623657904606079,1.150621266065282,1.1376764234932488,5.519942283630371,2.692809820175171,2583.88614240475,project/results/qgat_extend100/seed2026/gnn/history.json
gnn,2026,99,continuation_41_100,0.9382258327635887,0.5574915073483135,1.1421180333633674,1.1285505240299973,4.856338977813721,1.6672472953796387,2602.388797847554,project/results/qgat_extend100/seed2026/gnn/history.json
gnn,2026,100,continuation_41_100,0.9305215198019643,0.5625825820909813,1.1572409458918265,1.1412030550368946,5.415081024169922,1.7104943990707397,2620.9332058709115,project/results/qgat_extend100/seed2026/gnn/history.json
relation_D,2026,1,parent_1_40,1.919038190822434,0.7791611283627572,1.6282651048508705,1.5932936807881926,1.4724764823913574,0.5816566944122314,253.0671331193298,project/results/qgat_extend100/seed2026/relation_D/history.json
relation_D,2026,2,parent_1_40,1.8294740125280464,0.7553158970439108,1.5702660518791527,1.540448922983487,1.717577576637268,0.5130823254585266,499.0789702255279,project/results/qgat_extend100/seed2026/relation_D/history.json
relation_D,2026,3,parent_1_40,1.7855672943091114,0.750656456768047,1.5624527258065062,1.5318828196713001,4.132706165313721,1.453079104423523,745.2835286408663,project/results/qgat_extend100/seed2026/relation_D/history.json
relation_D,2026,4,parent_1_40,1.756810251057113,0.7471769076096825,1.5571066531800897,1.5257302341997274,4.2919697761535645,2.018695592880249,993.2109199855477,project/results/qgat_extend100/seed2026/relation_D/history.json
relation_D,2026,5,parent_1_40,1.7253423232837282,0.7243004918866791,1.4971112034877296,1.472856093630544,3.019083261489868,1.6866739988327026,1244.9031690694392,project/results/qgat_extend100/seed2026/relation_D/history.json
relation_D,2026,6,parent_1_40,1.7005808502815833,0.7172613263363019,1.477533061807044,1.4560278572398238,4.358173370361328,1.9216500520706177,1493.199606474489,project/results/qgat_extend100/seed2026/relation_D/history.json
relation_D,2026,7,parent_1_40,1.67330324933286,0.7130599656823324,1.466576453866437,1.446348192615551,4.390256404876709,3.542081356048584,1743.8186501972377,project/results/qgat_extend100/seed2026/relation_D/history.json
relation_D,2026,8,parent_1_40,1.6462879608250829,0.6985859914141475,1.4256413967977277,1.4114066898130113,2.1748037338256836,1.312989354133606,1990.0534072872251,project/results/qgat_extend100/seed2026/relation_D/history.json
relation_D,2026,9,parent_1_40,1.620448721203685,0.6924613037490053,1.4124523158522788,1.3986874616751446,3.9327104091644287,3.04858136177063,2238.6023279577494,project/results/qgat_extend100/seed2026/relation_D/history.json
relation_D,2026,10,parent_1_40,1.6036181809454666,0.6802762571984203,1.3804663819505367,1.3705094481736886,8.267975807189941,4.486063480377197,2483.708649069071,project/results/qgat_extend100/seed2026/relation_D/history.json
relation_D,2026,11,parent_1_40,1.5787112096186602,0.6808544461196288,1.3818632888118736,1.3717860905255654,4.7603960037231445,3.057439088821411,2728.120177930221,project/results/qgat_extend100/seed2026/relation_D/history.json
relation_D,2026,12,parent_1_40,1.564664037178166,0.6770690782158636,1.3700179226952605,1.3620780395634937,3.346120595932007,2.0998568534851074,2979.146588627249,project/results/qgat_extend100/seed2026/relation_D/history.json
relation_D,2026,13,parent_1_40,1.553087145740468,0.6714803214161656,1.3513066081539729,1.347133625493152,4.736268520355225,3.9259068965911865,3226.0953119322658,project/results/qgat_extend100/seed2026/relation_D/history.json
relation_D,2026,14,parent_1_40,1.5332217098952714,0.6623105045064586,1.3277537659101655,1.3261873874615413,5.352371692657471,3.4663970470428467,3472.6469517573714,project/results/qgat_extend100/seed2026/relation_D/history.json
relation_D,2026,15,parent_1_40,1.5212450588071995,0.662378069399856,1.3292311184643766,1.3269936286320443,4.0772929191589355,2.6549134254455566,3717.995356215164,project/results/qgat_extend100/seed2026/relation_D/history.json
relation_D,2026,16,parent_1_40,1.5105287313308908,0.6625661832030164,1.3322580402879975,1.3286952033470152,3.3863368034362793,2.692100763320923,3966.4730186499655,project/results/qgat_extend100/seed2026/relation_D/history.json
relation_D,2026,17,parent_1_40,1.497886930583127,0.6645140823925613,1.3374592203542126,1.3332436925696676,4.043975830078125,2.6409828662872314,4211.559799503535,project/results/qgat_extend100/seed2026/relation_D/history.json
relation_D,2026,18,parent_1_40,1.4871497199801664,0.6534341319621308,1.3056504339829553,1.3062593489536085,4.898885250091553,3.4251179695129395,4456.82683712244,project/results/qgat_extend100/seed2026/relation_D/history.json
relation_D,2026,19,parent_1_40,1.4704851955662124,0.657554986946634,1.329157956931158,1.3221339654122128,3.885634422302246,2.4347288608551025,4704.981502816081,project/results/qgat_extend100/seed2026/relation_D/history.json
relation_D,2026,20,parent_1_40,1.4665689838848435,0.6475548918975983,1.2910195610130903,1.2930646724041435,4.541499137878418,2.570892333984375,4953.1636076159775,project/results/qgat_extend100/seed2026/relation_D/history.json
relation_D,2026,21,parent_1_40,1.4561041152642817,0.6345741265214746,1.2562637309916316,1.2627059920172905,5.639305591583252,3.423196315765381,5201.299470692873,project/results/qgat_extend100/seed2026/relation_D/history.json
relation_D,2026,22,parent_1_40,1.4461317678747652,0.6446452421112917,1.2988127602962778,1.2940516222594307,4.610400676727295,2.749744415283203,5451.215835727751,project/results/qgat_extend100/seed2026/relation_D/history.json
relation_D,2026,23,parent_1_40,1.432770574923083,0.632848182611051,1.2768862395724865,1.2712913023972943,4.894610404968262,3.190462350845337,5697.64663185738,project/results/qgat_extend100/seed2026/relation_D/history.json
relation_D,2026,24,parent_1_40,1.420882980048621,0.6220407132874243,1.2469826464826474,1.2455320365287479,3.9576165676116943,2.655989408493042,5942.686899608001,project/results/qgat_extend100/seed2026/relation_D/history.json
relation_D,2026,25,parent_1_40,1.4135254108639705,0.6325155758694746,1.2611226377112323,1.2630768947250908,6.408959865570068,3.4619295597076416,6185.327968360856,project/results/qgat_extend100/seed2026/relation_D/history.json
relation_D,2026,26,parent_1_40,1.4021110840829565,0.6233414322487079,1.2448669257864822,1.245774895141949,5.820040702819824,3.257793664932251,6430.0117726977915,project/results/qgat_extend100/seed2026/relation_D/history.json
relation_D,2026,27,parent_1_40,1.3978313234570752,0.6178915561758913,1.2315247677743901,1.2336539400630864,7.303806781768799,5.49376106262207,6681.031157488003,project/results/qgat_extend100/seed2026/relation_D/history.json
relation_D,2026,28,parent_1_40,1.38498306025211,0.616949548064731,1.230946106723859,1.2324226014266606,6.090641975402832,4.159801006317139,6927.9252209905535,project/results/qgat_extend100/seed2026/relation_D/history.json
relation_D,2026,29,parent_1_40,1.3686835500914358,0.6081096416900982,1.215301395363058,1.2157603393716272,7.101140975952148,3.2927916049957275,7174.611412912607,project/results/qgat_extend100/seed2026/relation_D/history.json
relation_D,2026,30,parent_1_40,1.3591941111578605,0.6136028312525014,1.233143948831712,1.2301748056683572,6.861947059631348,4.698892593383789,7422.665438897908,project/results/qgat_extend100/seed2026/relation_D/history.json
relation_D,2026,31,parent_1_40,1.3563985003023846,0.6103304323204792,1.2333115326135886,1.2269861986272734,6.954868316650391,5.759562969207764,7670.045587576926,project/results/qgat_extend100/seed2026/relation_D/history.json
relation_D,2026,32,parent_1_40,1.3487692626900092,0.6112876473771758,1.2186506265139905,1.220612960634171,6.161215782165527,3.2761030197143555,7914.682647906244,project/results/qgat_extend100/seed2026/relation_D/history.json
relation_D,2026,33,parent_1_40,1.3416450280918704,0.6022564702067758,1.2166341092513175,1.2105735248324345,6.2705488204956055,3.949899196624756,8162.760780002922,project/results/qgat_extend100/seed2026/relation_D/history.json
relation_D,2026,34,parent_1_40,1.3317534710599654,0.609036743149627,1.223175383908674,1.220624435103964,22.952281951904297,18.320415496826172,8411.704670878127,project/results/qgat_extend100/seed2026/relation_D/history.json
relation_D,2026,35,parent_1_40,1.323351787447031,0.5974107717134757,1.2028683067619568,1.1988449250944542,9.409538269042969,7.250631332397461,8654.662467474118,project/results/qgat_extend100/seed2026/relation_D/history.json
relation_D,2026,36,parent_1_40,1.3195650929103073,0.5977428987674648,1.1958082328701858,1.1956470152025576,7.649993896484375,5.469217300415039,8901.538154382259,project/results/qgat_extend100/seed2026/relation_D/history.json
relation_D,2026,37,parent_1_40,1.3102514622645722,0.595350959970965,1.20488099072536,1.197791455333645,6.613890171051025,4.3513641357421875,9146.860372418538,project/results/qgat_extend100/seed2026/relation_D/history.json
relation_D,2026,38,parent_1_40,1.304285105572774,0.6048707996343728,1.218148348859395,1.2139449740640704,5.355503559112549,3.461484432220459,9396.337641768157,project/results/qgat_extend100/seed2026/relation_D/history.json
relation_D,2026,39,parent_1_40,1.295371509681609,0.5876009998755762,1.1752726276393515,1.175237313695252,7.87531852722168,6.136247634887695,9640.257696369663,project/results/qgat_extend100/seed2026/relation_D/history.json
relation_D,2026,40,parent_1_40,1.2952801690622862,0.5893811105663189,1.1838144883967472,1.1812883547646926,8.127184867858887,5.314323902130127,9886.660372395068,project/results/qgat_extend100/seed2026/relation_D/history.json
relation_D,2026,41,continuation_41_100,1.2812555098151233,0.5953116205107654,1.1906598682003096,1.1906415546109201,8.296038627624512,5.786262512207031,9919.11457393691,project/results/qgat_extend100/seed2026/relation_D/history.json
relation_D,2026,42,continuation_41_100,1.2789026598046118,0.606382751511992,1.214146389774396,1.2134559463991899,6.9299798011779785,4.537598133087158,9951.351000647992,project/results/qgat_extend100/seed2026/relation_D/history.json
relation_D,2026,43,continuation_41_100,1.270458214861742,0.5918576535722241,1.190811201549368,1.1872632543469082,7.096807479858398,3.6787009239196777,9984.341354461387,project/results/qgat_extend100/seed2026/relation_D/history.json
relation_D,2026,44,continuation_41_100,1.269657412570411,0.5842470691393828,1.1798572845585296,1.1741757114186475,6.562052249908447,4.9332966804504395,10016.30855386518,project/results/qgat_extend100/seed2026/relation_D/history.json
relation_D,2026,45,continuation_41_100,1.2640925354303638,0.5897274719027337,1.1812007901672041,1.1803278669863357,5.514545917510986,3.460136651992798,10048.035843428224,project/results/qgat_extend100/seed2026/relation_D/history.json
relation_D,2026,46,continuation_41_100,1.2600402430943227,0.593377568940632,1.1881707458209712,1.1874629418511176,6.6265387535095215,3.5974538326263428,10080.840076334774,project/results/qgat_extend100/seed2026/relation_D/history.json
relation_D,2026,47,continuation_41_100,1.2509621780914193,0.5765072593657533,1.1548804161546284,1.1539474674430674,8.515982627868652,4.671380996704102,10113.877567525953,project/results/qgat_extend100/seed2026/relation_D/history.json
relation_D,2026,48,continuation_41_100,1.2462057088770122,0.5863139445416163,1.1782370217901188,1.1754324554366757,4.892369270324707,3.335731267929077,10146.481444146484,project/results/qgat_extend100/seed2026/relation_D/history.json
relation_D,2026,49,continuation_41_100,1.240170451752193,0.5834988243985572,1.1730096773951662,1.1700036630961401,5.107875823974609,2.8719053268432617,10179.46830917336,project/results/qgat_extend100/seed2026/relation_D/history.json
relation_D,2026,50,continuation_41_100,1.2337622898594713,0.5814289320318493,1.1713306896976428,1.1670942768806707,9.42545223236084,5.301024436950684,10212.449586950243,project/results/qgat_extend100/seed2026/relation_D/history.json
relation_D,2026,51,continuation_41_100,1.2305747510549463,0.5853407579258783,1.182646719737677,1.1766641177947168,7.8335280418396,4.9186553955078125,10245.138165887445,project/results/qgat_extend100/seed2026/relation_D/history.json
relation_D,2026,52,continuation_41_100,1.2305774346925822,0.5894119935392519,1.1881973697981447,1.1835106784383242,12.407623291015625,8.908167839050293,10277.340647650883,project/results/qgat_extend100/seed2026/relation_D/history.json
relation_D,2026,53,continuation_41_100,1.219782755995338,0.5804767021330189,1.1640041918621864,1.1624787980641123,4.983470916748047,3.0691888332366943,10310.224559497088,project/results/qgat_extend100/seed2026/relation_D/history.json
relation_D,2026,54,continuation_41_100,1.2179331832005968,0.5830074024875648,1.1775730153027688,1.1717939101389492,6.3596272468566895,3.0388410091400146,10343.803993809968,project/results/qgat_extend100/seed2026/relation_D/history.json
relation_D,2026,55,continuation_41_100,1.2091300421135773,0.5752476281742565,1.15630973940657,1.1534024978775415,5.4082441329956055,3.2132678031921387,10377.034542812034,project/results/qgat_extend100/seed2026/relation_D/history.json
relation_D,2026,56,continuation_41_100,1.2066275072991473,0.5872680038923863,1.1844650928152258,1.1795005502999993,7.050539016723633,4.080659866333008,10409.543780200183,project/results/qgat_extend100/seed2026/relation_D/history.json
relation_D,2026,57,continuation_41_100,1.1993079742003527,0.5862072996125789,1.1776787562866229,1.1750466777558903,4.222291469573975,1.9211527109146118,10442.562335256487,project/results/qgat_extend100/seed2026/relation_D/history.json
relation_D,2026,58,continuation_41_100,1.2000785826412186,0.5829229212063365,1.1687875004802482,1.1673166714464607,5.723763465881348,3.386958599090576,10474.985107021406,project/results/qgat_extend100/seed2026/relation_D/history.json
relation_D,2026,59,continuation_41_100,1.190953270296381,0.5785156071570237,1.1602632236049977,1.1586472189595225,6.977702617645264,4.881641387939453,10508.256447447464,project/results/qgat_extend100/seed2026/relation_D/history.json
relation_D,2026,60,continuation_41_100,1.185976707456262,0.5756130485853646,1.1555763986345846,1.1534012479026567,6.059848308563232,3.9449410438537598,10540.729723859578,project/results/qgat_extend100/seed2026/relation_D/history.json
relation_D,2026,61,continuation_41_100,1.1838829177288261,0.5796615934721194,1.164096384535078,1.1617097857396583,3.9100542068481445,2.5215604305267334,10574.042786058038,project/results/qgat_extend100/seed2026/relation_D/history.json
relation_D,2026,62,continuation_41_100,1.1763589093654645,0.5819379799772286,1.1700689070427324,1.1669724334985947,8.160930633544922,4.639153957366943,10606.393072679639,project/results/qgat_extend100/seed2026/relation_D/history.json
relation_D,2026,63,continuation_41_100,1.1781051408537746,0.5725638644813443,1.156091179017094,1.1506094539898912,5.679177761077881,3.50593900680542,10640.074093908072,project/results/qgat_extend100/seed2026/relation_D/history.json
relation_D,2026,64,continuation_41_100,1.1733269646890014,0.5744635179179023,1.1565122045890894,1.152719620212447,6.8680596351623535,4.228425979614258,10673.561950728297,project/results/qgat_extend100/seed2026/relation_D/history.json
relation_D,2026,65,continuation_41_100,1.1622829822876106,0.5800848946656334,1.173965102393995,1.167067445862631,23.33547019958496,17.17957878112793,10706.480944484472,project/results/qgat_extend100/seed2026/relation_D/history.json
relation_D,2026,66,continuation_41_100,1.1617393798281597,0.5773547772940947,1.16311356085469,1.1589115577214397,6.0879597663879395,3.793102264404297,10739.100139664486,project/results/qgat_extend100/seed2026/relation_D/history.json
relation_D,2026,67,continuation_41_100,1.1609725704449192,0.5776124040837749,1.1627917741658167,1.1590082911666832,5.529454708099365,3.7034707069396973,10772.37369553186,project/results/qgat_extend100/seed2026/relation_D/history.json
relation_D,2026,68,continuation_41_100,1.1559196648500614,0.5734438058035449,1.1515712532692124,1.1492294324381511,6.519872188568115,3.5584466457366943,10804.659915536642,project/results/qgat_extend100/seed2026/relation_D/history.json
relation_D,2026,69,continuation_41_100,1.1539737343637766,0.5617082678532461,1.1238079310988542,1.1236122334026732,10.09332275390625,8.456823348999023,10837.353012183681,project/results/qgat_extend100/seed2026/relation_D/history.json
relation_D,2026,70,continuation_41_100,1.137818931040194,0.5701442338392371,1.1499119812616845,1.1451002244700792,6.782061576843262,3.6258137226104736,10870.28772616759,project/results/qgat_extend100/seed2026/relation_D/history.json
relation_D,2026,71,continuation_41_100,1.1456259141464151,0.5729158085142263,1.1574911721723038,1.1516613946003782,6.883734226226807,4.547101974487305,10903.741306623444,project/results/qgat_extend100/seed2026/relation_D/history.json
relation_D,2026,72,continuation_41_100,1.1368577854980066,0.5755552494263976,1.1633974260796094,1.1572539624662022,5.765674114227295,3.259636402130127,10936.692775897682,project/results/qgat_extend100/seed2026/relation_D/history.json
relation_D,2026,73,continuation_41_100,1.1356183209705404,0.5897984848020132,1.1938171154627344,1.1867070425333806,9.01965045928955,6.305079936981201,10970.043477492407,project/results/qgat_extend100/seed2026/relation_D/history.json
relation_D,2026,74,continuation_41_100,1.1303266601146589,0.5753104924975195,1.1635897639981705,1.1571053744966049,4.947472095489502,3.553854465484619,11001.996936297044,project/results/qgat_extend100/seed2026/relation_D/history.json
relation_D,2026,75,continuation_41_100,1.1301110185203433,0.5770284053924842,1.173243730335962,1.1636502705604652,4.971303462982178,2.4978508949279785,11034.604186782613,project/results/qgat_extend100/seed2026/relation_D/history.json
relation_D,2026,76,continuation_41_100,1.126340904801273,0.5702756172546651,1.155121486700373,1.1478363606048516,17.74748992919922,12.231650352478027,11067.445515643805,project/results/qgat_extend100/seed2026/relation_D/history.json
relation_D,2026,77,continuation_41_100,1.11762329726031,0.5694259931310081,1.1519454660417978,1.145398726151907,5.107869625091553,3.175666332244873,11100.515041513368,project/results/qgat_extend100/seed2026/relation_D/history.json
relation_D,2026,78,continuation_41_100,1.1109864775337792,0.5702327651518863,1.144088278579293,1.1422769044415326,10.762410163879395,9.148682594299316,11132.900469796732,project/results/qgat_extend100/seed2026/relation_D/history.json
relation_D,2026,79,continuation_41_100,1.1120297485782253,0.5733281840951531,1.1558954686962535,1.1512759184432797,5.88924503326416,3.5816028118133545,11166.102535961196,project/results/qgat_extend100/seed2026/relation_D/history.json
relation_D,2026,80,continuation_41_100,1.1075939592487598,0.5701876798662124,1.1530942043708639,1.1467347820516443,6.239911079406738,3.5377519130706787,11199.249888848513,project/results/qgat_extend100/seed2026/relation_D/history.json
relation_D,2026,81,continuation_41_100,1.101279079011806,0.5673112953302916,1.1537822316971142,1.1442024111788487,6.53959846496582,3.924492835998535,11232.356969397515,project/results/qgat_extend100/seed2026/relation_D/history.json
relation_D,2026,82,continuation_41_100,1.102724923853789,0.5654540334211198,1.1454383793566376,1.1381732230994386,7.058272838592529,3.8014607429504395,11265.290004393086,project/results/qgat_extend100/seed2026/relation_D/history.json
relation_D,2026,83,continuation_41_100,1.1026536912010647,0.5754577991703991,1.157681300715776,1.154298449528287,9.40527057647705,4.687534809112549,11298.342229517177,project/results/qgat_extend100/seed2026/relation_D/history.json
relation_D,2026,84,continuation_41_100,1.0915171573088607,0.5661872105929069,1.1470672993443443,1.139720860265079,18.58238410949707,14.919413566589355,11331.369098048657,project/results/qgat_extend100/seed2026/relation_D/history.json
relation_D,2026,85,continuation_41_100,1.0866246489839182,0.5594430626276881,1.1237626934068976,1.121324409331137,10.716963768005371,6.1043853759765625,11363.933177711442,project/results/qgat_extend100/seed2026/relation_D/history.json
relation_D,2026,86,continuation_41_100,1.0877065229983045,0.5661721256090095,1.1483937892736866,1.1403690202458527,8.202542304992676,4.932400703430176,11396.306661300361,project/results/qgat_extend100/seed2026/relation_D/history.json
relation_D,2026,87,continuation_41_100,1.0877890873758786,0.5689200189869734,1.1503618543079939,1.1441009461409704,6.394065856933594,4.562604904174805,11428.359509509057,project/results/qgat_extend100/seed2026/relation_D/history.json
relation_D,2026,88,continuation_41_100,1.083632153323114,0.5713820296054474,1.1523355472559342,1.1475498032334146,7.084908485412598,4.348790168762207,11461.052932608873,project/results/qgat_extend100/seed2026/relation_D/history.json
relation_D,2026,89,continuation_41_100,1.0809422155010053,0.5634296187834116,1.1328618471708614,1.1298605423688421,6.953894138336182,4.4464802742004395,11493.890407187864,project/results/qgat_extend100/seed2026/relation_D/history.json
relation_D,2026,90,continuation_41_100,1.0760699825085784,0.5711303408106323,1.1561574349709554,1.14920905829611,9.108381271362305,4.302577972412109,11526.213759297505,project/results/qgat_extend100/seed2026/relation_D/history.json
relation_D,2026,91,continuation_41_100,1.0785189218876876,0.5628749547264306,1.1367920769611375,1.1312709932069993,7.451534748077393,3.9893481731414795,11558.536772184074,project/results/qgat_extend100/seed2026/relation_D/history.json
relation_D,2026,92,continuation_41_100,1.070452518260335,0.5620626063641976,1.1325027991324896,1.1283140059304424,14.483741760253906,13.231602668762207,11590.465153230354,project/results/qgat_extend100/seed2026/relation_D/history.json
relation_D,2026,93,continuation_41_100,1.0672058176083443,0.5628316586650908,1.1365403846860862,1.1311018510081339,6.709041118621826,5.185296058654785,11622.153694987297,project/results/qgat_extend100/seed2026/relation_D/history.json
relation_D,2026,94,continuation_41_100,1.0607883583255493,0.5696101972012548,1.148886675039539,1.1440535347210243,6.604959011077881,4.766061305999756,11654.064647518098,project/results/qgat_extend100/seed2026/relation_D/history.json
relation_D,2026,95,continuation_41_100,1.0591865309209818,0.5683729305537417,1.1554505884886022,1.1460982247980427,6.788750171661377,5.071934223175049,11687.012968819588,project/results/qgat_extend100/seed2026/relation_D/history.json
relation_D,2026,96,continuation_41_100,1.054215031414338,0.5628560787579044,1.1336321750772187,1.1296721662965137,9.87060260772705,6.712595462799072,11719.949009947479,project/results/qgat_extend100/seed2026/relation_D/history.json
relation_D,2026,97,continuation_41_100,1.0520678482134722,0.5715320390521084,1.1543014269898415,1.1486827525470291,7.870645523071289,4.952444553375244,11753.222608784214,project/results/qgat_extend100/seed2026/relation_D/history.json
relation_D,2026,98,continuation_41_100,1.0537318075309037,0.5730304234341019,1.1669125011836876,1.1564866740259458,7.3782734870910645,5.138927936553955,11786.050257913768,project/results/qgat_extend100/seed2026/relation_D/history.json
relation_D,2026,99,continuation_41_100,1.0533351948409924,0.5717643724233494,1.1552625299285864,1.1493956373876426,7.183764934539795,4.531126976013184,11818.304804801941,project/results/qgat_extend100/seed2026/relation_D/history.json
relation_D,2026,100,continuation_41_100,1.0446389061757135,0.5605631168789114,1.1336439732904546,1.1273851035241387,8.110343933105469,5.437282562255859,11851.550599772483,project/results/qgat_extend100/seed2026/relation_D/history.json
