scene_id,station_id,target_snr_db,frames,visible_targets,detections,mismatch_frames,mismatch_abs,matched_pairs,unmatched_detections,unmatched_targets,achieved_snr_mean_db,achieved_max_abs_error_db,rd_local_maxima,nms_suppressed,roi_rejected,fov_rejected,ghost_detections,range_mae,isolated_range_mae,crowded_range_mae,range_rmse,isolated_range_rmse,crowded_range_rmse,range_median,isolated_range_median,crowded_range_median,range_p95,isolated_range_p95,crowded_range_p95,radial_velocity_mae,isolated_radial_velocity_mae,crowded_radial_velocity_mae,radial_velocity_rmse,isolated_radial_velocity_rmse,crowded_radial_velocity_rmse,radial_velocity_median,isolated_radial_velocity_median,crowded_radial_velocity_median,radial_velocity_p95,isolated_radial_velocity_p95,crowded_radial_velocity_p95,bearing_mae,isolated_bearing_mae,crowded_bearing_mae,bearing_rmse,isolated_bearing_rmse,crowded_bearing_rmse,bearing_median,isolated_bearing_median,crowded_bearing_median,bearing_p95,isolated_bearing_p95,crowded_bearing_p95,position_mae,isolated_position_mae,crowded_position_mae,position_rmse,isolated_position_rmse,crowded_position_rmse,position_median,isolated_position_median,crowded_position_median,position_p95,isolated_position_p95,crowded_position_p95,isolated_pairs,crowded_pairs,unmatched_targets_crowded,unmatched_targets_isolated
0,0,-10.0,30,175,75,17,100,75,0,100,-10.0,1.7763568394002505e-15,75,0,0,0,0,0.006239121545915533,0.005712869174743895,0.007174681316887333,0.008089041250296344,0.007590721187744654,0.00890636438062185,0.004578016347956293,0.004291738076698692,0.006102866201771917,0.015694411848749465,0.015402045480292602,0.01739374740188637,0.007589649887694694,0.008483432588346381,0.0060007028643139166,0.011198552504151603,0.01239742305106321,0.008666999235884923,0.004879498317275299,0.005864394819801839,0.0033110923132828596,0.022619443722319887,0.025191599014040014,0.01872572764846989,0.02081103192056225,0.020165041906120933,0.021959458612902365,0.02786094313697485,0.026910618564888023,0.029474850951136326,0.015354005214429685,0.014739207255512778,0.015364118686228041,0.05940495021627602,0.06154259790973232,0.05448566193271311,0.018422284960195098,0.018340713759925038,0.018567300427341872,0.02641202114293874,0.028006707662565567,0.023309179726817064,0.013466081532878581,0.012654000132095333,0.013576829448272473,0.05693108103413348,0.07232807838926925,0.04635410564909671,48,27,16,84
0,0,-5.0,30,175,84,16,91,84,0,91,-4.999999999999999,1.7763568394002505e-15,84,0,0,0,0,0.004814007529479823,0.004526614511198808,0.005305356883315108,0.006964007030329273,0.006661119816014587,0.007453389956983914,0.003259260470199976,0.0032368659236681196,0.0037208607901497714,0.013438879214761276,0.014825209683760216,0.011892512164745739,0.005755165229586513,0.006240908757319256,0.004924700488624079,0.009051123695022754,0.009582546179859127,0.008061824482637713,0.003078622920690055,0.0032762367490541955,0.002858163376438405,0.01971717993537715,0.021987488798956747,0.013143864879496286,0.016997078884473597,0.017812286508268733,0.015603336817985142,0.028031022612051797,0.03028581329955084,0.023683937245212353,0.009689787108931255,0.010412006141956406,0.007034032800273342,0.05557064680493412,0.052023870483833896,0.051751203200727285,0.014184337429188763,0.014925938687253698,0.01291643850411002,0.020909387469305117,0.023201467065431705,0.016258675860963617,0.008676812796070067,0.0085248532989731,0.008828772293167034,0.0457570612926414,0.051164544664649654,0.03154536023054201,53,31,12,79
0,0,0.0,30,175,101,14,74,101,0,74,4.8216373327664287e-17,1.446491199829931e-15,101,0,0,0,0,0.004999736260899975,0.005794924344955439,0.003361166875573563,0.008697625692935224,0.010052927696083359,0.004825267473424344,0.0029240676164405954,0.0030905257397861874,0.002387460915763029,0.016762536398168493,0.02053243327338751,0.007617072921532039,0.00618945285060284,0.007239675399186707,0.004025357902005776,0.010656367768594806,0.012045168753677898,0.0069707645666977295,0.002922323670097704,0.0038452331391278793,0.0023404515992964114,0.02312452314705782,0.024167815553234228,0.012270600809328716,0.020912811734720056,0.024861077636439126,0.012776991088753492,0.04110418301106582,0.04776523598464388,0.021673704003234023,0.008219313509672137,0.008715171674899078,0.007443061376019232,0.09292300232055832,0.10904688320802547,0.037815948079681735,0.017079565126488387,0.020584533713169074,0.009857205614540301,0.035259556768111724,0.04186614638479693,0.013902500538275079,0.0070382535533084715,0.007536296315609644,0.0068278708540083395,0.05465178921308166,0.08438532320489019,0.02054340539357625,68,33,10,64
0,0,5.0,30,175,118,13,57,118,0,57,5.0,1.7763568394002505e-15,118,0,0,0,0,0.0045019903540648365,0.004901030876972573,0.0035930647185527706,0.007625171031517521,0.008267253226213935,0.005907642179478727,0.0023798291688237327,0.002613645712056467,0.002017361210885138,0.014899619045263494,0.018725221983437214,0.011765984822578623,0.005190185639024135,0.005824223880267031,0.0037459874228597595,0.008071416534191985,0.008934381248179251,0.005632091714436023,0.0029071225543200185,0.003488852101067863,0.002503686743533897,0.017758576083200327,0.022202510922413203,0.012966038224795105,0.01780963612371351,0.019011400895969033,0.015072283031353698,0.03442473743706819,0.03387539307354919,0.03564443062127496,0.00799806650469535,0.00814530873981974,0.007591139104768118,0.061050086288770886,0.0631341866577296,0.04399320695082837,0.015192444010250423,0.016947012238027644,0.011195927491424527,0.02846362636458943,0.029986245721907227,0.024646761440710718,0.006713431468256059,0.006780429542547661,0.006537379549700893,0.061981430831477786,0.06391377240614095,0.026873835561681707,82,36,7,50
0,0,10.0,30,175,134,11,41,134,0,41,10.0,1.7763568394002505e-15,134,0,0,0,0,0.004485614902536023,0.004933466260178339,0.003266463984509718,0.007374790516194839,0.008014168240217227,0.005253819346315402,0.0023510971551381488,0.0025538400915507964,0.0018378141170529716,0.018716216948746468,0.020443732519205324,0.013068273829793142,0.004605475264953479,0.005291367191530579,0.002738325020382482,0.007194746996881093,0.008132109982427646,0.003557342374449781,0.0028998283013823567,0.003216870649107584,0.0021982874247024053,0.01420731143805581,0.01827833066499369,0.007294007706940037,0.015780965692327537,0.01770763000711802,0.010536157279842346,0.02896064065466301,0.03131034702083739,0.021288494127518577,0.006628818088890756,0.006868041867607375,0.0065115368875228626,0.07745739346294206,0.08426500388473775,0.026743066087659167,0.014772994225638048,0.017191820183533775,0.008188412451366336,0.027116014202301125,0.030331020008266374,0.015248084022351898,0.006159302822019509,0.006435510180573873,0.005163116236513463,0.0748372645409415,0.0809971593044894,0.019404207994354827,98,36,7,34
0,0,15.0,30,175,148,10,27,148,0,27,15.0,1.7763568394002505e-15,148,0,0,0,0,0.003784087393914889,0.003978718493207094,0.00317856841833914,0.005869778744428695,0.0060677590932336715,0.005205910969888809,0.0020853706295618224,0.002347616247320161,0.001918046827753983,0.015219138253792154,0.015192760258526049,0.01365967762382958,0.0043766653095933606,0.00505734673828768,0.002258989753655476,0.007489520746827017,0.008477367497343083,0.0026498806357684638,0.0028472220593765973,0.0029482274648604534,0.002200552803163447,0.014047002091772683,0.0178200233653078,0.004232642090769123,0.013175778811890627,0.01477501452077489,0.008200378828695152,0.021957733668140998,0.024043021429417853,0.013553941146253698,0.006872728162598025,0.006915904069056981,0.006749460614068155,0.05773544927309436,0.05913166493100488,0.01902982059593334,0.013404795893902977,0.015538952116827631,0.0067651987559151595,0.02369051511906196,0.026573348186031142,0.010508723347725998,0.005485985645576707,0.005673498294861969,0.0047066511561783,0.052634798190687546,0.062446728543862524,0.017893632694868995,112,36,7,20
0,1,-10.0,36,233,91,29,142,91,0,142,-10.0,1.7763568394002505e-15,90,0,0,1,0,0.019770669764527623,0.007728966353537751,0.03903739522211142,0.08112952178848519,0.010556863232355709,0.1301340939821033,0.006843511018689519,0.004798626671785655,0.00847181066816205,0.0247104259923816,0.022245601838859486,0.17772716933759014,0.01869393638484096,0.009521815526989769,0.033369329757402866,0.06884477306250748,0.013355630354136094,0.1097158632259852,0.006510414265770342,0.0062523157326968,0.006731132159645714,0.0285488217481209,0.027556567740351312,0.13327038401628855,0.05003748337132774,0.038068498296326844,0.06918785949132918,0.12791457934339345,0.06328740697781109,0.19008705787399846,0.02451065249592744,0.024593180126279215,0.023743934641681622,0.13830664532329623,0.13584263478895184,0.20936763384414675,0.04418982952892628,0.03549012461147909,0.058109357396841754,0.11535479073373373,0.06302760969124391,0.16805214906139773,0.016126257813656193,0.0166242424366775,0.014425363338669233,0.16074466917164573,0.1407512996284271,0.22568743959739462,56,35,38,104
0,1,-5.0,36,233,131,28,102,131,0,102,-5.0,1.7763568394002505e-15,130,0,0,1,0,0.01529400241008716,0.007184610921144394,0.025821984343100575,0.06781334183560558,0.010715074946399292,0.10207727661353401,0.005200104622353763,0.005156191873207039,0.005617195163480915,0.027525665689701384,0.027467172248775283,0.027769114180017585,0.01565553301028762,0.008021285850987879,0.02556666090130834,0.05793897931174524,0.011743747398503982,0.08681008337259531,0.005395386790596035,0.004684235122231151,0.006875597551642798,0.031188078365508076,0.026724508293793112,0.03693172429263581,0.03930921168375865,0.033069693825346975,0.047409638377135216,0.10523013490996407,0.054043449377588766,0.1471651156628069,0.01680085863149008,0.01768920457883233,0.016053527309646383,0.10448445231161896,0.11977473258282202,0.06852066356579567,0.03934381741286027,0.035053315103428725,0.04491394321808719,0.09880351018097469,0.06085811823163561,0.13276842547037168,0.01565884798626616,0.014452250910577058,0.016087588758372292,0.13314371075665937,0.15584830662587862,0.07407570855762098,74,57,16,86
0,1,0.0,36,233,166,27,67,166,0,67,-1.8750811849647256e-16,1.9286549331065747e-15,165,0,0,1,0,0.012647763661352712,0.0068504635510881345,0.02188721071208688,0.0603050037000947,0.010805977987389729,0.09615910171134,0.003722403721209133,0.0038577903056973284,0.0034565129436359143,0.01985018118137205,0.020368541948794668,0.0177117296310449,0.01274844121216342,0.0076774963417972,0.020830259599309585,0.051326409724873685,0.011245646190683032,0.08143354947341233,0.004715009419192673,0.004313199102248255,0.005396176482308938,0.024710403958135174,0.024904753741156315,0.01899634101003203,0.033383313216427964,0.027875983914040097,0.04216061929210864,0.09253549973119204,0.04301532973539532,0.13878352126233504,0.014404793728294011,0.015746038146386882,0.011253907521920948,0.10458823360178544,0.10283649898937586,0.11508742409919737,0.03644871913677683,0.03398183830285395,0.040380310465841424,0.0900438460606418,0.05639632025702226,0.1263362858414026,0.015940110815500175,0.01775004721833262,0.011799271724028266,0.1191772719971259,0.11981696543917242,0.07526734711738309,102,64,9,58
0,1,5.0,36,233,188,19,45,188,0,45,5.0,8.881784197001252e-16,187,0,0,1,0,0.010911971238559942,0.006033226169012821,0.02036453981080749,0.056548516642370435,0.009300227574131879,0.09605083657184325,0.0027725776336087193,0.0031068774599569693,0.0023314844077866326,0.019323310171964547,0.02046943848412644,0.015838510090918943,0.010859906402112318,0.006959237119880588,0.018417453136436293,0.04805111105380704,0.010007197447195557,0.08116891023953811,0.003862745260239125,0.00402803951439612,0.0037324929701217026,0.022660712650218094,0.02397153774141314,0.011306606208175316,0.028738513998257376,0.02545178544867692,0.0351065505630695,0.08641682187907795,0.04239739230938207,0.1358459717748534,0.010958680339242341,0.013529227362711518,0.008068188839969955,0.0891644385836633,0.09416092532008216,0.06944061509009183,0.03600194579279522,0.03727546287378601,0.03353450644837555,0.09494538444086097,0.07622011001928096,0.12338779390082141,0.012147678587886696,0.015419277925701125,0.008124578779279185,0.12613725872322828,0.14006211324827347,0.046076756633899,124,64,9,36
0,1,10.0,36,233,196,16,37,196,0,37,10.0,3.552713678800501e-15,195,0,0,1,0,0.009052833910756898,0.00391185754838854,0.019656097658141636,0.05504817033618612,0.005435829907071002,0.09601746575071389,0.0023616891472872936,0.0026350617488724026,0.0018870135348798556,0.012636376881831168,0.011131576173428916,0.014892508325534235,0.008770006540218391,0.004711606378844661,0.017140456873051713,0.046636387745194595,0.006440438773622729,0.08108786327627614,0.003025583197874937,0.0032392004918486705,0.002746807400346496,0.013508076642056999,0.01446018744123627,0.007430391186125627,0.022241641884719703,0.017720886901472454,0.03156569903766716,0.08040605673000666,0.028221429016393167,0.13474715793514486,0.009103133345011602,0.010104754538995118,0.007171837902712891,0.055692157870372225,0.0608823660717936,0.04429807780096267,0.02791623620737254,0.026905917551932963,0.03000001843421668,0.08173246061972804,0.05156957214992155,0.12236438293112951,0.009636704298592706,0.011230867116845804,0.005524289797460566,0.10823837370563952,0.1160058233116876,0.03034291031647196,132,64,9,28
0,1,15.0,36,233,202,16,31,202,0,31,15.0,1.7763568394002505e-15,201,0,0,1,0,0.00832455645442412,0.003177067618672431,0.019423829256513703,0.0541794051032196,0.00469541520819798,0.09600699257032948,0.0022057734702478626,0.002426704393992729,0.00173765555437555,0.008649869893755555,0.007718272559688445,0.014429689554082612,0.008000538868608608,0.004054538996272225,0.016509101093333933,0.045911277102466896,0.006146878782128181,0.08106426418445341,0.002656592989561446,0.002695730962604337,0.0025828475634472395,0.01006256837149548,0.010876343688052445,0.005561745341719601,0.019189193262623014,0.014259706197010943,0.02981839974784905,0.07825633381496787,0.024454590941046853,0.1343113881700895,0.007972586001611,0.008542499727349714,0.005951211357000028,0.043253447559848675,0.04770405470327945,0.03036401052057616,0.023349841574949633,0.021033446954273692,0.028344567475782123,0.07716059901626263,0.042572316286954764,0.12199818341717171,0.0073933593424649596,0.00898912200950484,0.0048207564459372566,0.0743365389324762,0.09290254947848145,0.021763380451389962,138,64,9,22
0,2,-10.0,36,221,99,23,122,99,0,122,-10.0,1.7763568394002505e-15,92,0,0,1,0,0.058717503662921534,0.007311899720484482,0.10333368821673482,0.15092460152966763,0.01044127343514401,0.20604223649068526,0.008541037335362489,0.0053317423676766396,0.01731594291570815,0.3727520105708641,0.021396420196040822,0.5412719805777271,0.022033174341231795,0.007308792576390166,0.034812826439018875,0.07151961261601626,0.0114560380449929,0.09716290218485102,0.00869301743029638,0.004209782988006339,0.01624072802131979,0.04302855374529624,0.020305520851263914,0.0524341999131695,0.209578662630916,0.026066448458372856,0.3688534145542554,0.6286241672301519,0.031082263854450048,0.8586653211788432,0.029987367118015282,0.022594282849718875,0.04157466694098149,1.63157441395087,0.05653141453907093,2.478147014729637,0.23129977810427296,0.023466616883590592,0.41168327652222386,0.6743170242341717,0.029470277668685117,0.9211937558038977,0.03230289679094237,0.016193338167352522,0.04462368617641927,1.7615872812130824,0.05660617176171555,2.631238888974584,46,53,95,27
0,2,-5.0,36,221,125,22,96,125,0,96,-4.999999999999999,1.7763568394002505e-15,117,0,0,1,0,0.048310090564961966,0.004537804398835862,0.07653169611943801,0.1358775725285506,0.006224924015581342,0.17418761079200498,0.005855871526840417,0.0030601846707583036,0.010050976175175919,0.34347689413229704,0.013261573519179129,0.42089390697733364,0.04379845326292494,0.004685052056406605,0.06901630404081174,0.21233514633255937,0.006978012105599249,0.27225643040142394,0.0063755488453853815,0.0029058447935277343,0.012082301061123624,0.09703982558392382,0.012669326099680933,0.20578505378336187,0.17166563497446663,0.015780763685280537,0.2721703546214418,0.5629130893513513,0.018759367724277796,0.7217636430664308,0.01953028563678454,0.01379081034561302,0.03298984039189269,0.8009817307649221,0.03393202814886942,2.323639624318192,0.1929154582516108,0.01471874168378533,0.30780544656507725,0.6048801451726136,0.018475929199800335,0.7756005492772345,0.021753520917007153,0.011097192797019663,0.037275191588680284,1.07873728880952,0.03640393563018526,2.501805786366425,49,76,72,24
0,2,0.0,36,221,148,22,73,148,0,73,-2.6786874070924682e-17,1.928654933106574e-15,141,0,0,1,0,0.040096932186437374,0.006214352224361513,0.0681232637600063,0.12419806715072806,0.010214704004082831,0.1676243916555688,0.0049875577580280606,0.003089106057316826,0.006494708353208978,0.30114699103295617,0.02595135093686023,0.3734021946394819,0.025021105555454476,0.005868204013013273,0.04086362905352312,0.08533159267855389,0.008870142873312049,0.11506238902519168,0.004708535926866708,0.00290844549705227,0.007371790536582878,0.07112820447102638,0.022547914962013603,0.21841816955630478,0.1438860707009949,0.02592991136827023,0.24145474570460673,0.5172891153802152,0.04572642374145489,0.6979948139585622,0.014153982685683627,0.011150703201345116,0.017861250944455398,0.5690291395421571,0.13266536368091722,2.3329478765070872,0.16567030000953265,0.03672908647036627,0.2723253778752629,0.5565519530301379,0.0751379933167361,0.7491950264623383,0.01539196692118236,0.01159097661695218,0.022606922029831132,0.684672449431743,0.22443179670442778,2.5228422853335455,67,81,67,6
0,2,5.0,36,221,154,21,67,154,0,67,5.0,1.7763568394002505e-15,145,0,0,1,0,0.04770861453498755,0.004392736093677385,0.08380517990274602,0.15404870031709242,0.006665510862415714,0.2084941556287026,0.0034529404515453166,0.0024845205128976033,0.005053200577727068,0.33076088787317154,0.014953743397230563,0.5239998988373643,0.028814681062374434,0.004966359942335081,0.048688281995740566,0.09548620796878993,0.008963157374493444,0.12902976664594965,0.0035436815998268756,0.0025124547393677865,0.004784183776755935,0.17517954099394553,0.014705936527878967,0.3374286191364067,0.1526474894275001,0.01802230473478616,0.264835143338095,0.5359012131305868,0.029382844496120306,0.7251177438675924,0.009784543494466613,0.008771112254891113,0.01175585292996464,0.9478094711469127,0.08070821475316464,2.274767501750577,0.17788240779820044,0.023498614470702586,0.30653556890444866,0.5814578757074708,0.04419195815546266,0.7862634447834705,0.01078064202410879,0.009611133954306687,0.014662368631877806,1.1816389355505308,0.12872028171732675,2.4341442417230486,70,84,64,3
0,2,10.0,36,221,157,20,64,157,0,64,10.0,3.552713678800501e-15,148,0,0,1,0,0.046007561363119794,0.0031835217539820044,0.08228204197321297,0.15250924877426772,0.004625874468374866,0.20722631656446835,0.002878961478742781,0.0021605456251876376,0.00367980113059474,0.328052480557113,0.009500795511375415,0.513511192904529,0.02728261834665283,0.003481998738777024,0.04744314319097116,0.09409004301116797,0.005516863145168417,0.12777367888520788,0.0028035353368487392,0.0024344583199364944,0.0032111525316960154,0.1654861384061101,0.010092471603804757,0.32894455023120556,0.14669925418143878,0.012755212624176622,0.26015773644170787,0.5305095308942207,0.018718332918591978,0.7207913120595599,0.008277417540272768,0.007110651074030763,0.009224394304518373,0.9051351714287073,0.04572024711198168,2.251121273998319,0.1699940718178594,0.01596119686298182,0.30046897766199093,0.5753659334082508,0.0270956000101629,0.7815621984162521,0.008544502748582192,0.00672593197654856,0.011566771868167508,1.175000294444275,0.07322947626088977,2.389603938929314,72,85,63,1
0,2,15.0,36,221,160,20,61,160,0,61,15.0,1.7763568394002505e-15,151,0,0,1,0,0.044971339267928165,0.002560158469024818,0.08055773235206547,0.15106061570875132,0.0036705028419636086,0.20482978747371547,0.0024704729968139105,0.00204309268654157,0.0035349434390568035,0.3252834179792415,0.006450593887069543,0.4946750294956741,0.026400306550310854,0.0027631578830909823,0.04623377612165627,0.09298330743071467,0.0039402672282092465,0.12604550798304334,0.0026607260863348303,0.0023163907640091352,0.0028239502103355463,0.15691756296436246,0.006563025020699342,0.315253012688124,0.14303050713129728,0.00921478648397425,0.2553126635365224,0.5255018773292571,0.012017164663113792,0.7125622666742751,0.007870099373338983,0.006935095440244792,0.009097490551621098,0.8574209718239447,0.024883743034125282,2.187148422718615,0.165111703875841,0.011107340461369242,0.2943337559362598,0.5698527176516304,0.01672031949090502,0.7726408708164241,0.008592560052024228,0.005546087294055606,0.011819510363909706,1.1630260388530038,0.0396708110830543,2.3149875092313414,73,87,61,0
1,0,-10.0,30,124,78,19,46,78,0,46,-10.0,3.552713678800501e-15,77,0,0,1,0,0.022492821141600648,0.0076377352452952785,0.13638181301327515,0.09284543965208147,0.011134220399127794,0.27158536865307487,0.005117459764917953,0.004985772890627516,0.011406507542915278,0.03036624583965835,0.027936601503466815,0.5813358561998229,0.012637171397304458,0.009392335349729141,0.037514247762048515,0.02534622169278923,0.012980943802279654,0.06539009114702274,0.007486186015738028,0.006700334268710861,0.012262077208857303,0.028655626570757497,0.02516224520234704,0.13991257953848968,0.09424024712824958,0.033583878307342996,0.5592724080885335,0.39002970186858443,0.048766725580628736,1.1402490847447062,0.022257007819372905,0.0218544670628789,0.02580132110743713,0.14573193499054488,0.10570535287472778,2.431169321686367,0.10548075851022663,0.045010124725259885,0.5690889508616385,0.39902032009183913,0.06868210423094141,1.159188119453219,0.02069673205240942,0.021434921402939722,0.019783853040843083,0.19426632482658768,0.1293312334796177,2.467169895980891,69,9,6,40
1,0,-5.0,30,124,102,13,22,102,0,22,-5.0,1.7763568394002505e-15,101,0,0,1,0,0.01790182838730898,0.006603434397061404,0.11137036048844803,0.08112470209825852,0.009599927326515371,0.24548610969940163,0.0038499861075678155,0.003747805049130193,0.00760101429600013,0.02349468152347781,0.02122082122551916,0.574342356362255,0.010243746560292708,0.007739842687709523,0.030957860415299056,0.02239176782398342,0.011971411682438324,0.058852876405240756,0.005161203681627313,0.004958229306733841,0.007791466622883547,0.02657043747204405,0.02316073751678127,0.1339150144362159,0.07779501714267775,0.031834118365997276,0.4580169979315798,0.34072088524569294,0.04668910314575642,1.0288071302357702,0.018822680495065254,0.018466653759899643,0.025258342907890672,0.11175392742909161,0.10036332230965506,2.410403191832706,0.0945408354193634,0.0487035814618785,0.47373993634037476,0.35137467476358775,0.0774901298089803,1.0465056569725568,0.02512542152861886,0.024052696054117632,0.030202304752586083,0.22040858671904287,0.19170481959522728,2.4512346185647176,91,11,4,18
1,0,0.0,30,124,118,5,6,118,0,6,-9.64327466553288e-17,1.9286549331065747e-15,117,0,0,1,0,0.014641585707993388,0.005028143365882607,0.09956032639663863,0.0752719556417097,0.007898035768669816,0.23486878808686434,0.0028650210890823757,0.002809998652850254,0.004014839555289029,0.016070668141729513,0.015372418659826081,0.5712998746336705,0.007932067896329602,0.0058825495949426055,0.02603614622524807,0.01967518167214293,0.008907297171673682,0.05572946061426144,0.0034201460886755797,0.00335454805645502,0.00431671897640995,0.0230687178495927,0.019237744159590786,0.13158541421194805,0.06240233845868674,0.022847156582897377,0.4118064450281595,0.31505867128468795,0.03182348464852776,0.983427772594784,0.014022806209646486,0.014597168424704206,0.010759893971580782,0.0774802329120308,0.06661701391188915,2.397247425347024,0.07711170882494812,0.038038659538832155,0.42225697751897256,0.32374634096619836,0.05899192526864965,0.9999539489367592,0.01884468559848704,0.01909677431374605,0.014550333418287953,0.14885982966977612,0.14461164301215684,2.440497020758281,106,12,3,3
1,0,5.0,30,124,120,4,4,120,0,4,5.0,8.881784197001252e-16,119,0,0,1,0,0.012703408642903898,0.0032207577930183527,0.09804726629187381,0.07438920560919204,0.004732369344307515,0.23481052198563848,0.0022831330981034625,0.0022714634223319763,0.0033080587595080146,0.009891986607013336,0.009173766017405426,0.5713893366094399,0.005884071219703625,0.0037812872802074687,0.024809126675169033,0.018312466923933422,0.005504329681259113,0.055504825387002577,0.0023898216670750205,0.002362068773713588,0.002874679375071798,0.014237474059320299,0.012719841351750964,0.13172275032178332,0.0546027315666346,0.015348996468455863,0.40788634745024327,0.3113339306024603,0.02043107675623024,0.9826145243008596,0.010309914168982652,0.010527927908734015,0.008769611681291228,0.047234705396369675,0.04423555238737508,2.394714272538116,0.06421333658104438,0.025069837620890337,0.41650482722243076,0.3179890383607044,0.03809578624765789,0.9990538948461241,0.013630815083739575,0.013873232710113401,0.009785263816475709,0.09231404149782789,0.08921065024174162,2.4380434728575366,108,12,3,1
1,0,10.0,30,124,121,3,3,121,0,3,10.0,1.7763568394002505e-15,120,0,0,1,0,0.011768214758696013,0.002313258076442974,0.0976507379558278,0.07400003250331608,0.003149325398037973,0.23478988705668222,0.0018770120698690107,0.0018770120698690107,0.0024424620997152147,0.0064703212349996875,0.006356242553803781,0.5714392784547587,0.00490752299499698,0.002764503441486274,0.024373283939385888,0.017814380332205067,0.0037565562374748777,0.05542369591884569,0.0022260641888571797,0.0022260641888571797,0.0023231540285083008,0.009128048772574004,0.008895069351813587,0.13180025356130365,0.050656364977722655,0.011405761513656886,0.40718267977632006,0.3096269371878817,0.014823018976705512,0.9821820936878054,0.008797230899975809,0.008797230899975809,0.00795309971607296,0.03237836624688822,0.028996321421642716,2.3932941064163327,0.05716547882892146,0.01772453296654666,0.41542073707882604,0.3154465038045153,0.025944972804367417,0.9986204514376834,0.010072455499298125,0.0108034823628873,0.007737306169818263,0.06439446470393849,0.057401063094144784,2.4366680498718427,109,12,3,0
1,0,15.0,30,124,121,3,3,121,0,3,15.0,1.7763568394002505e-15,120,0,0,1,0,0.011401201674262102,0.001911825801818562,0.09759636584895759,0.07397139719632205,0.0023709578615503427,0.23478201643502306,0.0017863977343139936,0.0017386645658064026,0.0027213428059660316,0.00471618121301276,0.004499075971290267,0.5714672470921914,0.004439159342098263,0.0022405425811857036,0.024409928253720677,0.01763445887479145,0.0027205869945233874,0.055393363933764754,0.0020036106760521477,0.0018912289152694939,0.0027384498605131716,0.006148868640458716,0.005497918094427232,0.13184392277002058,0.048558074449247486,0.009043098980690735,0.40748576828863786,0.30941143228277856,0.011068201977270426,0.9819468124744539,0.007753331311429678,0.007753331311429678,0.007493936747279804,0.02109452315712333,0.01966289593658609,2.392496857460757,0.05338695269386378,0.013458597779813132,0.41606950982982377,0.3148903985734415,0.018235693767131293,0.9983997453968219,0.00913359283823625,0.009196524269255464,0.00858616150755441,0.03959020400612821,0.03874375957784728,2.4358959553087565,109,12,3,0
1,1,-10.0,34,92,46,18,46,46,0,46,-10.0,3.552713678800501e-15,45,0,0,1,0,0.024070839394890384,0.006189433166571301,0.14328021425035095,0.08503414556335809,0.009824921239517479,0.2340783020142506,0.004626769622491977,0.004434701120821671,0.025405221371864073,0.04024956538136415,0.01823729434925379,0.4218379907421337,0.007282267301519331,0.007014942215848479,0.009064434539324998,0.010940545611334278,0.010736494664827815,0.012214076940662214,0.004613464734200212,0.004613464734200212,0.0051772898639565745,0.02625775239589956,0.028200939959740434,0.020580522497184436,0.06806303970529341,0.015640121361059633,0.41754916200018527,0.24557577522800675,0.020626380470883013,0.6778796993288819,0.014130502161170243,0.013950472473708182,0.09264250356571777,0.13785924618183928,0.035575792230494986,1.2429255180467365,0.033851115569932366,0.010337057687769269,0.1906115014510197,0.11284166572658523,0.013257036837434106,0.3105637747369975,0.008918280091304086,0.008382493956435626,0.036122791026242634,0.05632895941456391,0.02683625708774947,0.5643340183009111,40,6,1,45
1,1,-5.0,34,92,57,16,35,57,0,35,-5.0,1.7763568394002505e-15,56,0,0,1,0,0.02037116216597298,0.005750754139542327,0.12480264806904907,0.07638481210073488,0.008520413129821054,0.21677657379554227,0.0031993873364370984,0.0031141809934451814,0.024968201224112363,0.02773610657955315,0.01971453710450515,0.41865445195446177,0.006760283679501341,0.006640243296395217,0.007617714987402234,0.010227446691367433,0.010083712727413097,0.011200604789549961,0.0032095621256882367,0.003271582639741588,0.002356169642774672,0.022483495530330962,0.023579094677109814,0.020629476679750673,0.06513339746488266,0.023436534840657906,0.3629681304950593,0.22420676000202092,0.042597064391647295,0.6295790844916159,0.012355431623201771,0.011569756835105159,0.09608193539601119,0.1618169297034915,0.10034464007644575,1.2330801499653365,0.03444314112927673,0.015979330622177573,0.1663275018942707,0.10459767445545788,0.02934831593080592,0.2879861621641387,0.007227431353320373,0.006882095355381685,0.03742113043591068,0.09466502524341826,0.0711410041299068,0.5598655763410353,50,7,0,35
1,1,0.0,34,92,66,14,26,66,0,26,-4.640358266005952e-32,1.446491199829931e-15,65,0,0,1,0,0.017881753329677636,0.005572495810468569,0.12163120956301121,0.07101546136363655,0.008956819284230545,0.2165039318639399,0.0031009288887737796,0.002973906536809068,0.016138251472089138,0.030287393258664252,0.018864515568360902,0.4190418415087556,0.006176767796897578,0.006041087170691383,0.0073203616463498,0.009985306041115211,0.009841282709693746,0.011125378629430987,0.003136148045741194,0.003220985976666313,0.0016080899542074908,0.021306177720029067,0.021476690647415524,0.02068150653852865,0.055913217624011316,0.02097155340037318,0.35042153036610413,0.2075679019223032,0.03460494146315443,0.6293897295350861,0.010367924166089736,0.009841345201000266,0.05741834373579123,0.09647091085005371,0.09057942378300518,1.2373932772423777,0.032323257647763365,0.0170124241764899,0.1613717111913541,0.09791444248174162,0.03005587964056923,0.2877150656248406,0.007110602142787893,0.006790317092662233,0.023528082024719642,0.08275866679211906,0.07853819662517193,0.560967558460103,59,7,0,26
1,1,5.0,34,92,81,4,11,81,0,11,5.0,1.7763568394002505e-15,80,0,0,1,0,0.016134691499012855,0.006324270408717558,0.11984485731070597,0.06431407602589426,0.009848331990664176,0.21641992804939852,0.0031479569187879974,0.002999921077993406,0.011154640005827332,0.028222584088865688,0.019479179834004153,0.4192596443354936,0.007240449937888388,0.0072541930004888615,0.007095166133254819,0.011510847830091788,0.011549738378669952,0.011091381786945081,0.0033334070198662857,0.0034338741803769945,0.0015450012623952625,0.026951384382307708,0.02806264599266653,0.020710000208256217,0.050026866191032256,0.022268517059189676,0.34347227129908237,0.18870086692967036,0.038300428490818425,0.6297048177757348,0.009889825923608389,0.009886385563778383,0.028667527820804388,0.08792269130900132,0.07763805016459019,1.2398126194537618,0.03415362924401547,0.022378705051506208,0.15863139927911338,0.09456752521674579,0.044263882479498015,0.2876994481486976,0.010619029784298897,0.009255919936240038,0.014520549929105021,0.11802400501248832,0.08142251874235142,0.561586789077719,74,7,0,11
1,1,10.0,34,92,83,4,9,83,0,9,10.0,3.552713678800501e-15,82,0,0,1,0,0.014040319584001763,0.0043878299238131815,0.11883877875176349,0.06315725489542283,0.006576626292377052,0.21639463658332347,0.002770881918337409,0.002686317277511563,0.00848280881046648,0.018985261601076765,0.013238500538253817,0.4193821133348826,0.005639697934864533,0.005518701014345238,0.006953378786216878,0.009181094678259059,0.008986189677819882,0.011078650532884753,0.003142145337365676,0.0031487846915980167,0.0017629142291769595,0.0201889101859703,0.018846755273487004,0.02072578211515742,0.04468766545545842,0.017527044417385097,0.3395744081545403,0.18595629161982782,0.03473734239689356,0.6300125524715638,0.009114848924681826,0.009040090626859794,0.012667349676935164,0.06956681148140056,0.05179032775665073,1.2411711941540886,0.0283769145004315,0.016518663442748594,0.1571236402695602,0.08932665713101678,0.03299606863321774,0.2877334102254913,0.007633510304065251,0.007327033893258699,0.011249483162366316,0.09573741093317378,0.06308284638426055,0.5619348633816941,76,7,0,9
1,1,15.0,34,92,89,3,3,89,0,3,15.0,1.7763568394002505e-15,88,0,0,1,0,0.012983503812776586,0.0039954246519015215,0.11827243112588448,0.06099208615497993,0.006361679473071547,0.21638737019384727,0.0024909976615745677,0.0024544119038294454,0.006945522321906594,0.017067376203893026,0.013376384301658821,0.4194509798937367,0.0047578962716291785,0.004572398035228372,0.006930875612324341,0.00719564372910673,0.006762237081842366,0.011074391072580361,0.003128468735093648,0.003152774444152684,0.0018859664893126071,0.0185915823244627,0.014288116624683768,0.020734580748397884,0.04056812444629804,0.015230047106279943,0.3373856018579386,0.17891892340595364,0.028959455812849158,0.630226378370082,0.007557810008281024,0.00765074580031056,0.007557810008281024,0.07013779812648127,0.051109310333440516,1.2419345710143734,0.025565678580946508,0.014403702072926131,0.15632026053204234,0.08472480381543589,0.026869916180954037,0.28776593800278083,0.006290140344210312,0.006229077816655909,0.008961299151296903,0.07383114427976951,0.06525145406771524,0.5621305543175669,82,7,0,3
1,2,-10.0,36,154,102,14,52,102,0,52,-10.0,1.7763568394002505e-15,102,0,0,0,0,0.018128325227847207,0.008544237789401811,0.047647314538259024,0.08466645053858166,0.011458385947484698,0.16983143590250388,0.007402155369668151,0.005908677876576007,0.00996973221148778,0.029902775945188153,0.021456599546127126,0.05993741706513441,0.009126554975584978,0.0074995365880643075,0.014137771609148636,0.013509289183380208,0.010465914686052265,0.02018005719108739,0.006890729455584221,0.006180846656822503,0.00906944379511998,0.02707914031549296,0.021978514530256277,0.040283086157513276,0.03840004009575917,0.030261447863175854,0.0634669041721158,0.08676260908392094,0.041393029881857765,0.15948668271920363,0.025179822031615243,0.0238891655236555,0.03080874241424616,0.09051706137841593,0.09159899244975149,0.08347126091206017,0.06100892545492469,0.04881544322645634,0.0985648507186072,0.14240828735544456,0.0704201183146271,0.2597483247669375,0.03343421654178931,0.033063076259170744,0.03797056258657757,0.14715351271190152,0.1409923956426744,0.1432999355760149,77,25,17,35
1,2,-5.0,36,154,117,12,37,117,0,37,-5.0,1.7763568394002505e-15,117,0,0,0,0,0.014818366573819988,0.007181604449645283,0.041547034008431454,0.07878365352193253,0.010325156912690698,0.1660052928425377,0.004918351220965178,0.0045132314084526115,0.0064885861518106935,0.023918521296062048,0.02316253629413012,0.046096541074220454,0.006631615653323303,0.006054813850204749,0.008650421964238245,0.009890442926482411,0.008896341234332807,0.012774457719101472,0.004495549298316359,0.004540145755285607,0.004127719491864412,0.024844173121130093,0.024729465148648266,0.025067793779094405,0.029721274827355496,0.024156528018605017,0.04919788865798217,0.07880799686692598,0.0374783383459293,0.15176284528070935,0.015426963526017672,0.015426963526017672,0.015774949685238026,0.07962654917209937,0.08632479879186919,0.06617434778303208,0.050931119513851104,0.043162901493261234,0.07811988258591564,0.13345262276674644,0.0718450294490845,0.24915303019844356,0.024774644134194508,0.02493696060144964,0.023185310464711062,0.15534626377912733,0.17527038389507704,0.08554808082092306,91,26,16,21
1,2,0.0,36,154,128,11,26,128,0,26,-1.2054093331916094e-16,1.9286549331065747e-15,128,0,0,0,0,0.012061731554236066,0.0050926111592132645,0.03940212695009475,0.07504806322128348,0.007423153541001763,0.16586632503218024,0.0032869642068362737,0.0031847908091435784,0.004271065980105959,0.0228694400156641,0.014025090586029873,0.04095322067870555,0.004734138097135298,0.004566745606806066,0.005390831713042286,0.007211757464573215,0.006991945853959272,0.008016098602770211,0.0029891051814407987,0.003152249215520264,0.0029065575696702872,0.015827902256303428,0.014834047154100638,0.018934662395051288,0.022245620130458315,0.017427322350328924,0.04114817296019668,0.07165420483428996,0.027410980071799033,0.14942900327438133,0.010663974388676542,0.010663974388676542,0.010536377276041873,0.06589828417912039,0.06642254187290804,0.0390022139574672,0.03973402303770264,0.03266833581726713,0.06745325751787272,0.12209661896844294,0.05650323996291286,0.2467109764674784,0.018414531184585123,0.018414531184585123,0.017152714420588883,0.1317399139803152,0.13387623425981862,0.05173883445913081,102,26,16,10
1,2,5.0,36,154,132,9,22,132,0,22,5.0,1.7763568394002505e-15,132,0,0,0,0,0.010585005502014001,0.003627252242762172,0.03764293484354889,0.07373832070925929,0.005115464560586497,0.16272918135713768,0.002832573244489822,0.002711868400261608,0.0034228485304765854,0.015026727069162126,0.01267205944626823,0.03793380735273642,0.003602996985495836,0.0035269677641746448,0.0038986661795226926,0.005884925951330178,0.005884139023782031,0.0058879852253392925,0.0025251075405821055,0.0025195511362809953,0.002580828733607838,0.011655879912988073,0.011006159549476634,0.011802240648702519,0.01783485770083027,0.013086610086778812,0.036300265088808154,0.06886891186282566,0.022328617910726014,0.14576958138268642,0.008665102702592001,0.008435888384538435,0.009701048520774129,0.03955870352649659,0.040614317931012174,0.02431711797246257,0.030549349826101593,0.022787551385687946,0.06073412153882135,0.11412056813285451,0.03754311847504752,0.24122423363920148,0.013713592243487,0.013448724244735567,0.014009234585060287,0.08554031153097894,0.0891911810159603,0.04116908052456938,105,27,15,7
1,2,10.0,36,154,138,8,16,138,0,16,10.0,3.552713678800501e-15,138,0,0,0,0,0.009691565404170028,0.002983658938331937,0.037268514208171066,0.07207827846828041,0.004446093136933078,0.1627033400958117,0.0023651044815835576,0.0023648350507272653,0.00236537391243985,0.011409402304496306,0.008211473235178346,0.036817185223331696,0.003183197244127093,0.0031719873808700953,0.003229282237516973,0.0054859664270894325,0.0055819492513032995,0.0050723240998839115,0.0021962935738848444,0.002193592894711216,0.002199862557904275,0.008729891663676,0.008485743116683153,0.00925115271050556,0.015856767987578572,0.011305256506807415,0.03456853740852665,0.06649038328274616,0.018905091523910424,0.14535044899730507,0.007145676049538401,0.007133208827649412,0.0077044088493678446,0.0337152869540498,0.03419929786673041,0.01839255600008351,0.026410144263328748,0.018663766511822524,0.05825636390840988,0.11016517303092212,0.0313654150055448,0.2408025017144701,0.010997460669919735,0.010984124013159152,0.01101079732668032,0.06501026376782619,0.06567440329004492,0.03757332214342391,111,27,15,1
1,2,15.0,36,154,139,8,15,139,0,15,15.0,1.7763568394002505e-15,139,0,0,0,0,0.009150517152953558,0.002403765844246984,0.03713704110018083,0.07175988935449434,0.0031708937834541047,0.16269169292416172,0.0020787604977137164,0.002104220123429812,0.002058359040475466,0.009348268347356728,0.0055298464380236076,0.03618574223898036,0.0025949661846926186,0.002496019151509918,0.0030054131371541923,0.003897304852591974,0.003647521549912186,0.0047965057638786526,0.0020922872280930704,0.0022197616024257627,0.001976643696599112,0.006361699317826366,0.005507763244726681,0.008458021700285466,0.01383822289312003,0.009015685795247858,0.03384282122503425,0.06532488697950528,0.014724903387349218,0.1451533324723225,0.006584410515722902,0.006599506197006638,0.006581723795690831,0.019824787643881545,0.02170404548949139,0.016675903861712298,0.023210281864018106,0.01499736359060379,0.0572786835907738,0.10896522828108472,0.027922290658630246,0.24060758216590356,0.009130761677916618,0.009197951464838415,0.008967006357021792,0.040059305770798574,0.037909492575082415,0.03662063411454325,112,27,15,0
