split,episode_index,snr_db,outputs,expected_outputs,detected_true,exists_true,detected_equals_exists,detected_without_exists,exists_without_detected,zero_state_on_absent
train,0,5,396,396,396,396,True,0,0,True
train,0,10,396,396,396,396,True,0,0,True
train,0,15,396,396,396,396,True,0,0,True
train,0,20,396,396,396,396,True,0,0,True
train,1,5,396,396,396,396,True,0,0,True
train,1,10,396,396,396,396,True,0,0,True
train,1,15,396,396,396,396,True,0,0,True
train,1,20,396,396,396,396,True,0,0,True
train,2,5,989,989,989,989,True,0,0,True
train,2,10,989,989,989,989,True,0,0,True
train,2,15,989,989,989,989,True,0,0,True
train,2,20,989,989,989,989,True,0,0,True
train,3,5,416,416,416,416,True,0,0,True
train,3,10,416,416,416,416,True,0,0,True
train,3,15,416,416,416,416,True,0,0,True
train,3,20,416,416,416,416,True,0,0,True
train,4,5,796,796,796,796,True,0,0,True
train,4,10,796,796,796,796,True,0,0,True
train,4,15,796,796,796,796,True,0,0,True
train,4,20,796,796,796,796,True,0,0,True
train,5,5,1592,1592,1592,1592,True,0,0,True
train,5,10,1592,1592,1592,1592,True,0,0,True
train,5,15,1592,1592,1592,1592,True,0,0,True
train,5,20,1592,1592,1592,1592,True,0,0,True
train,6,5,465,465,465,465,True,0,0,True
train,6,10,465,465,465,465,True,0,0,True
train,6,15,465,465,465,465,True,0,0,True
train,6,20,465,465,465,465,True,0,0,True
train,7,5,1592,1592,1592,1592,True,0,0,True
train,7,10,1592,1592,1592,1592,True,0,0,True
train,7,15,1592,1592,1592,1592,True,0,0,True
train,7,20,1592,1592,1592,1592,True,0,0,True
train,8,5,1592,1592,1592,1592,True,0,0,True
train,8,10,1592,1592,1592,1592,True,0,0,True
train,8,15,1592,1592,1592,1592,True,0,0,True
train,8,20,1592,1592,1592,1592,True,0,0,True
train,9,5,1407,1407,1407,1407,True,0,0,True
train,9,10,1407,1407,1407,1407,True,0,0,True
train,9,15,1407,1407,1407,1407,True,0,0,True
train,9,20,1407,1407,1407,1407,True,0,0,True
train,10,5,1386,1386,1386,1386,True,0,0,True
train,10,10,1386,1386,1386,1386,True,0,0,True
train,10,15,1386,1386,1386,1386,True,0,0,True
train,10,20,1386,1386,1386,1386,True,0,0,True
train,11,5,1365,1365,1365,1365,True,0,0,True
train,11,10,1365,1365,1365,1365,True,0,0,True
train,11,15,1365,1365,1365,1365,True,0,0,True
train,11,20,1365,1365,1365,1365,True,0,0,True
train,12,5,1408,1408,1408,1408,True,0,0,True
train,12,10,1408,1408,1408,1408,True,0,0,True
train,12,15,1408,1408,1408,1408,True,0,0,True
train,12,20,1408,1408,1408,1408,True,0,0,True
train,13,5,1577,1577,1577,1577,True,0,0,True
train,13,10,1577,1577,1577,1577,True,0,0,True
train,13,15,1577,1577,1577,1577,True,0,0,True
train,13,20,1577,1577,1577,1577,True,0,0,True
train,14,5,737,737,737,737,True,0,0,True
train,14,10,737,737,737,737,True,0,0,True
train,14,15,737,737,737,737,True,0,0,True
train,14,20,737,737,737,737,True,0,0,True
train,15,5,906,906,906,906,True,0,0,True
train,15,10,906,906,906,906,True,0,0,True
train,15,15,906,906,906,906,True,0,0,True
train,15,20,906,906,906,906,True,0,0,True
train,16,5,1280,1280,1280,1280,True,0,0,True
train,16,10,1280,1280,1280,1280,True,0,0,True
train,16,15,1280,1280,1280,1280,True,0,0,True
train,16,20,1280,1280,1280,1280,True,0,0,True
train,17,5,1592,1592,1592,1592,True,0,0,True
train,17,10,1592,1592,1592,1592,True,0,0,True
train,17,15,1592,1592,1592,1592,True,0,0,True
train,17,20,1592,1592,1592,1592,True,0,0,True
train,18,5,1592,1592,1592,1592,True,0,0,True
train,18,10,1592,1592,1592,1592,True,0,0,True
train,18,15,1592,1592,1592,1592,True,0,0,True
train,18,20,1592,1592,1592,1592,True,0,0,True
train,19,5,871,871,871,871,True,0,0,True
train,19,10,871,871,871,871,True,0,0,True
train,19,15,871,871,871,871,True,0,0,True
train,19,20,871,871,871,871,True,0,0,True
train,20,5,652,652,652,652,True,0,0,True
train,20,10,652,652,652,652,True,0,0,True
train,20,15,652,652,652,652,True,0,0,True
train,20,20,652,652,652,652,True,0,0,True
train,21,5,1592,1592,1592,1592,True,0,0,True
train,21,10,1592,1592,1592,1592,True,0,0,True
train,21,15,1592,1592,1592,1592,True,0,0,True
train,21,20,1592,1592,1592,1592,True,0,0,True
train,22,5,1393,1393,1393,1393,True,0,0,True
train,22,10,1393,1393,1393,1393,True,0,0,True
train,22,15,1393,1393,1393,1393,True,0,0,True
train,22,20,1393,1393,1393,1393,True,0,0,True
train,23,5,1073,1073,1073,1073,True,0,0,True
train,23,10,1073,1073,1073,1073,True,0,0,True
train,23,15,1073,1073,1073,1073,True,0,0,True
train,23,20,1073,1073,1073,1073,True,0,0,True
train,24,5,1468,1468,1468,1468,True,0,0,True
train,24,10,1468,1468,1468,1468,True,0,0,True
train,24,15,1468,1468,1468,1468,True,0,0,True
train,24,20,1468,1468,1468,1468,True,0,0,True
train,25,5,1073,1073,1073,1073,True,0,0,True
train,25,10,1073,1073,1073,1073,True,0,0,True
train,25,15,1073,1073,1073,1073,True,0,0,True
train,25,20,1073,1073,1073,1073,True,0,0,True
train,26,5,1592,1592,1592,1592,True,0,0,True
train,26,10,1592,1592,1592,1592,True,0,0,True
train,26,15,1592,1592,1592,1592,True,0,0,True
train,26,20,1592,1592,1592,1592,True,0,0,True
train,27,5,1453,1453,1453,1453,True,0,0,True
train,27,10,1453,1453,1453,1453,True,0,0,True
train,27,15,1453,1453,1453,1453,True,0,0,True
train,27,20,1453,1453,1453,1453,True,0,0,True
train,28,5,1453,1453,1453,1453,True,0,0,True
train,28,10,1453,1453,1453,1453,True,0,0,True
train,28,15,1453,1453,1453,1453,True,0,0,True
train,28,20,1453,1453,1453,1453,True,0,0,True
train,29,5,898,898,898,898,True,0,0,True
train,29,10,898,898,898,898,True,0,0,True
train,29,15,898,898,898,898,True,0,0,True
train,29,20,898,898,898,898,True,0,0,True
train,30,5,1154,1154,1154,1154,True,0,0,True
train,30,10,1154,1154,1154,1154,True,0,0,True
train,30,15,1154,1154,1154,1154,True,0,0,True
train,30,20,1154,1154,1154,1154,True,0,0,True
train,31,5,1407,1407,1407,1407,True,0,0,True
train,31,10,1407,1407,1407,1407,True,0,0,True
train,31,15,1407,1407,1407,1407,True,0,0,True
train,31,20,1407,1407,1407,1407,True,0,0,True
train,32,5,1592,1592,1592,1592,True,0,0,True
train,32,10,1592,1592,1592,1592,True,0,0,True
train,32,15,1592,1592,1592,1592,True,0,0,True
train,32,20,1592,1592,1592,1592,True,0,0,True
train,33,5,1233,1233,1233,1233,True,0,0,True
train,33,10,1233,1233,1233,1233,True,0,0,True
train,33,15,1233,1233,1233,1233,True,0,0,True
train,33,20,1233,1233,1233,1233,True,0,0,True
train,34,5,1592,1592,1592,1592,True,0,0,True
train,34,10,1592,1592,1592,1592,True,0,0,True
train,34,15,1592,1592,1592,1592,True,0,0,True
train,34,20,1592,1592,1592,1592,True,0,0,True
train,35,5,1592,1592,1592,1592,True,0,0,True
train,35,10,1592,1592,1592,1592,True,0,0,True
train,35,15,1592,1592,1592,1592,True,0,0,True
train,35,20,1592,1592,1592,1592,True,0,0,True
train,36,5,1289,1289,1289,1289,True,0,0,True
train,36,10,1289,1289,1289,1289,True,0,0,True
train,36,15,1289,1289,1289,1289,True,0,0,True
train,36,20,1289,1289,1289,1289,True,0,0,True
train,37,5,1495,1495,1495,1495,True,0,0,True
train,37,10,1495,1495,1495,1495,True,0,0,True
train,37,15,1495,1495,1495,1495,True,0,0,True
train,37,20,1495,1495,1495,1495,True,0,0,True
train,38,5,1592,1592,1592,1592,True,0,0,True
train,38,10,1592,1592,1592,1592,True,0,0,True
train,38,15,1592,1592,1592,1592,True,0,0,True
train,38,20,1592,1592,1592,1592,True,0,0,True
train,39,5,1400,1400,1400,1400,True,0,0,True
train,39,10,1400,1400,1400,1400,True,0,0,True
train,39,15,1400,1400,1400,1400,True,0,0,True
train,39,20,1400,1400,1400,1400,True,0,0,True
train,40,5,1369,1369,1369,1369,True,0,0,True
train,40,10,1369,1369,1369,1369,True,0,0,True
train,40,15,1369,1369,1369,1369,True,0,0,True
train,40,20,1369,1369,1369,1369,True,0,0,True
train,41,5,778,778,778,778,True,0,0,True
train,41,10,778,778,778,778,True,0,0,True
train,41,15,778,778,778,778,True,0,0,True
train,41,20,778,778,778,778,True,0,0,True
train,42,5,1592,1592,1592,1592,True,0,0,True
train,42,10,1592,1592,1592,1592,True,0,0,True
train,42,15,1592,1592,1592,1592,True,0,0,True
train,42,20,1592,1592,1592,1592,True,0,0,True
train,43,5,1446,1446,1446,1446,True,0,0,True
train,43,10,1446,1446,1446,1446,True,0,0,True
train,43,15,1446,1446,1446,1446,True,0,0,True
train,43,20,1446,1446,1446,1446,True,0,0,True
train,44,5,1248,1248,1248,1248,True,0,0,True
train,44,10,1248,1248,1248,1248,True,0,0,True
train,44,15,1248,1248,1248,1248,True,0,0,True
train,44,20,1248,1248,1248,1248,True,0,0,True
train,45,5,1545,1545,1545,1545,True,0,0,True
train,45,10,1545,1545,1545,1545,True,0,0,True
train,45,15,1545,1545,1545,1545,True,0,0,True
train,45,20,1545,1545,1545,1545,True,0,0,True
train,46,5,1545,1545,1545,1545,True,0,0,True
train,46,10,1545,1545,1545,1545,True,0,0,True
train,46,15,1545,1545,1545,1545,True,0,0,True
train,46,20,1545,1545,1545,1545,True,0,0,True
train,47,5,1592,1592,1592,1592,True,0,0,True
train,47,10,1592,1592,1592,1592,True,0,0,True
train,47,15,1592,1592,1592,1592,True,0,0,True
train,47,20,1592,1592,1592,1592,True,0,0,True
train,48,5,1592,1592,1592,1592,True,0,0,True
train,48,10,1592,1592,1592,1592,True,0,0,True
train,48,15,1592,1592,1592,1592,True,0,0,True
train,48,20,1592,1592,1592,1592,True,0,0,True
train,49,5,1592,1592,1592,1592,True,0,0,True
train,49,10,1592,1592,1592,1592,True,0,0,True
train,49,15,1592,1592,1592,1592,True,0,0,True
train,49,20,1592,1592,1592,1592,True,0,0,True
train,50,5,1433,1433,1433,1433,True,0,0,True
train,50,10,1433,1433,1433,1433,True,0,0,True
train,50,15,1433,1433,1433,1433,True,0,0,True
train,50,20,1433,1433,1433,1433,True,0,0,True
train,51,5,1551,1551,1551,1551,True,0,0,True
train,51,10,1551,1551,1551,1551,True,0,0,True
train,51,15,1551,1551,1551,1551,True,0,0,True
train,51,20,1551,1551,1551,1551,True,0,0,True
train,52,5,1433,1433,1433,1433,True,0,0,True
train,52,10,1433,1433,1433,1433,True,0,0,True
train,52,15,1433,1433,1433,1433,True,0,0,True
train,52,20,1433,1433,1433,1433,True,0,0,True
train,53,5,1458,1458,1458,1458,True,0,0,True
train,53,10,1458,1458,1458,1458,True,0,0,True
train,53,15,1458,1458,1458,1458,True,0,0,True
train,53,20,1458,1458,1458,1458,True,0,0,True
train,54,5,1357,1357,1357,1357,True,0,0,True
train,54,10,1357,1357,1357,1357,True,0,0,True
train,54,15,1357,1357,1357,1357,True,0,0,True
train,54,20,1357,1357,1357,1357,True,0,0,True
train,55,5,1590,1590,1590,1590,True,0,0,True
train,55,10,1590,1590,1590,1590,True,0,0,True
train,55,15,1590,1590,1590,1590,True,0,0,True
train,55,20,1590,1590,1590,1590,True,0,0,True
train,56,5,1099,1099,1099,1099,True,0,0,True
train,56,10,1099,1099,1099,1099,True,0,0,True
train,56,15,1099,1099,1099,1099,True,0,0,True
train,56,20,1099,1099,1099,1099,True,0,0,True
train,57,5,533,533,533,533,True,0,0,True
train,57,10,533,533,533,533,True,0,0,True
train,57,15,533,533,533,533,True,0,0,True
train,57,20,533,533,533,533,True,0,0,True
train,58,5,1538,1538,1538,1538,True,0,0,True
train,58,10,1538,1538,1538,1538,True,0,0,True
train,58,15,1538,1538,1538,1538,True,0,0,True
train,58,20,1538,1538,1538,1538,True,0,0,True
train,59,5,1406,1406,1406,1406,True,0,0,True
train,59,10,1406,1406,1406,1406,True,0,0,True
train,59,15,1406,1406,1406,1406,True,0,0,True
train,59,20,1406,1406,1406,1406,True,0,0,True
train,60,5,872,872,872,872,True,0,0,True
train,60,10,872,872,872,872,True,0,0,True
train,60,15,872,872,872,872,True,0,0,True
train,60,20,872,872,872,872,True,0,0,True
train,61,5,519,519,519,519,True,0,0,True
train,61,10,519,519,519,519,True,0,0,True
train,61,15,519,519,519,519,True,0,0,True
train,61,20,519,519,519,519,True,0,0,True
train,62,5,1592,1592,1592,1592,True,0,0,True
train,62,10,1592,1592,1592,1592,True,0,0,True
train,62,15,1592,1592,1592,1592,True,0,0,True
train,62,20,1592,1592,1592,1592,True,0,0,True
train,63,5,1592,1592,1592,1592,True,0,0,True
train,63,10,1592,1592,1592,1592,True,0,0,True
train,63,15,1592,1592,1592,1592,True,0,0,True
train,63,20,1592,1592,1592,1592,True,0,0,True
train,64,5,737,737,737,737,True,0,0,True
train,64,10,737,737,737,737,True,0,0,True
train,64,15,737,737,737,737,True,0,0,True
train,64,20,737,737,737,737,True,0,0,True
train,65,5,1273,1273,1273,1273,True,0,0,True
train,65,10,1273,1273,1273,1273,True,0,0,True
train,65,15,1273,1273,1273,1273,True,0,0,True
train,65,20,1273,1273,1273,1273,True,0,0,True
train,66,5,1194,1194,1194,1194,True,0,0,True
train,66,10,1194,1194,1194,1194,True,0,0,True
train,66,15,1194,1194,1194,1194,True,0,0,True
train,66,20,1194,1194,1194,1194,True,0,0,True
train,67,5,815,815,815,815,True,0,0,True
train,67,10,815,815,815,815,True,0,0,True
train,67,15,815,815,815,815,True,0,0,True
train,67,20,815,815,815,815,True,0,0,True
train,68,5,1055,1055,1055,1055,True,0,0,True
train,68,10,1055,1055,1055,1055,True,0,0,True
train,68,15,1055,1055,1055,1055,True,0,0,True
train,68,20,1055,1055,1055,1055,True,0,0,True
train,69,5,1427,1427,1427,1427,True,0,0,True
train,69,10,1427,1427,1427,1427,True,0,0,True
train,69,15,1427,1427,1427,1427,True,0,0,True
train,69,20,1427,1427,1427,1427,True,0,0,True
train,70,5,1395,1395,1395,1395,True,0,0,True
train,70,10,1395,1395,1395,1395,True,0,0,True
train,70,15,1395,1395,1395,1395,True,0,0,True
train,70,20,1395,1395,1395,1395,True,0,0,True
train,71,5,1457,1457,1457,1457,True,0,0,True
train,71,10,1457,1457,1457,1457,True,0,0,True
train,71,15,1457,1457,1457,1457,True,0,0,True
train,71,20,1457,1457,1457,1457,True,0,0,True
train,72,5,1240,1240,1240,1240,True,0,0,True
train,72,10,1240,1240,1240,1240,True,0,0,True
train,72,15,1240,1240,1240,1240,True,0,0,True
train,72,20,1240,1240,1240,1240,True,0,0,True
train,73,5,1178,1178,1178,1178,True,0,0,True
train,73,10,1178,1178,1178,1178,True,0,0,True
train,73,15,1178,1178,1178,1178,True,0,0,True
train,73,20,1178,1178,1178,1178,True,0,0,True
train,74,5,1381,1381,1381,1381,True,0,0,True
train,74,10,1381,1381,1381,1381,True,0,0,True
train,74,15,1381,1381,1381,1381,True,0,0,True
train,74,20,1381,1381,1381,1381,True,0,0,True
train,75,5,786,786,786,786,True,0,0,True
train,75,10,786,786,786,786,True,0,0,True
train,75,15,786,786,786,786,True,0,0,True
train,75,20,786,786,786,786,True,0,0,True
train,76,5,1538,1538,1538,1538,True,0,0,True
train,76,10,1538,1538,1538,1538,True,0,0,True
train,76,15,1538,1538,1538,1538,True,0,0,True
train,76,20,1538,1538,1538,1538,True,0,0,True
train,77,5,1592,1592,1592,1592,True,0,0,True
train,77,10,1592,1592,1592,1592,True,0,0,True
train,77,15,1592,1592,1592,1592,True,0,0,True
train,77,20,1592,1592,1592,1592,True,0,0,True
train,78,5,1560,1560,1560,1560,True,0,0,True
train,78,10,1560,1560,1560,1560,True,0,0,True
train,78,15,1560,1560,1560,1560,True,0,0,True
train,78,20,1560,1560,1560,1560,True,0,0,True
train,79,5,1570,1570,1570,1570,True,0,0,True
train,79,10,1570,1570,1570,1570,True,0,0,True
train,79,15,1570,1570,1570,1570,True,0,0,True
train,79,20,1570,1570,1570,1570,True,0,0,True
train,80,5,1458,1458,1458,1458,True,0,0,True
train,80,10,1458,1458,1458,1458,True,0,0,True
train,80,15,1458,1458,1458,1458,True,0,0,True
train,80,20,1458,1458,1458,1458,True,0,0,True
train,81,5,1393,1393,1393,1393,True,0,0,True
train,81,10,1393,1393,1393,1393,True,0,0,True
train,81,15,1393,1393,1393,1393,True,0,0,True
train,81,20,1393,1393,1393,1393,True,0,0,True
train,82,5,1194,1194,1194,1194,True,0,0,True
train,82,10,1194,1194,1194,1194,True,0,0,True
train,82,15,1194,1194,1194,1194,True,0,0,True
train,82,20,1194,1194,1194,1194,True,0,0,True
train,83,5,1144,1144,1144,1144,True,0,0,True
train,83,10,1144,1144,1144,1144,True,0,0,True
train,83,15,1144,1144,1144,1144,True,0,0,True
train,83,20,1144,1144,1144,1144,True,0,0,True
train,84,5,1519,1519,1519,1519,True,0,0,True
train,84,10,1519,1519,1519,1519,True,0,0,True
train,84,15,1519,1519,1519,1519,True,0,0,True
train,84,20,1519,1519,1519,1519,True,0,0,True
train,85,5,121,121,121,121,True,0,0,True
train,85,10,121,121,121,121,True,0,0,True
train,85,15,121,121,121,121,True,0,0,True
train,85,20,121,121,121,121,True,0,0,True
train,86,5,884,884,884,884,True,0,0,True
train,86,10,884,884,884,884,True,0,0,True
train,86,15,884,884,884,884,True,0,0,True
train,86,20,884,884,884,884,True,0,0,True
train,87,5,1461,1461,1461,1461,True,0,0,True
train,87,10,1461,1461,1461,1461,True,0,0,True
train,87,15,1461,1461,1461,1461,True,0,0,True
train,87,20,1461,1461,1461,1461,True,0,0,True
train,88,5,1446,1446,1446,1446,True,0,0,True
train,88,10,1446,1446,1446,1446,True,0,0,True
train,88,15,1446,1446,1446,1446,True,0,0,True
train,88,20,1446,1446,1446,1446,True,0,0,True
train,89,5,1280,1280,1280,1280,True,0,0,True
train,89,10,1280,1280,1280,1280,True,0,0,True
train,89,15,1280,1280,1280,1280,True,0,0,True
train,89,20,1280,1280,1280,1280,True,0,0,True
train,90,5,975,975,975,975,True,0,0,True
train,90,10,975,975,975,975,True,0,0,True
train,90,15,975,975,975,975,True,0,0,True
train,90,20,975,975,975,975,True,0,0,True
train,91,5,1258,1258,1258,1258,True,0,0,True
train,91,10,1258,1258,1258,1258,True,0,0,True
train,91,15,1258,1258,1258,1258,True,0,0,True
train,91,20,1258,1258,1258,1258,True,0,0,True
train,92,5,808,808,808,808,True,0,0,True
train,92,10,808,808,808,808,True,0,0,True
train,92,15,808,808,808,808,True,0,0,True
train,92,20,808,808,808,808,True,0,0,True
train,93,5,1395,1395,1395,1395,True,0,0,True
train,93,10,1395,1395,1395,1395,True,0,0,True
train,93,15,1395,1395,1395,1395,True,0,0,True
train,93,20,1395,1395,1395,1395,True,0,0,True
train,94,5,1427,1427,1427,1427,True,0,0,True
train,94,10,1427,1427,1427,1427,True,0,0,True
train,94,15,1427,1427,1427,1427,True,0,0,True
train,94,20,1427,1427,1427,1427,True,0,0,True
train,95,5,1195,1195,1195,1195,True,0,0,True
train,95,10,1195,1195,1195,1195,True,0,0,True
train,95,15,1195,1195,1195,1195,True,0,0,True
train,95,20,1195,1195,1195,1195,True,0,0,True
train,96,5,817,817,817,817,True,0,0,True
train,96,10,817,817,817,817,True,0,0,True
train,96,15,817,817,817,817,True,0,0,True
train,96,20,817,817,817,817,True,0,0,True
train,97,5,1310,1310,1310,1310,True,0,0,True
train,97,10,1310,1310,1310,1310,True,0,0,True
train,97,15,1310,1310,1310,1310,True,0,0,True
train,97,20,1310,1310,1310,1310,True,0,0,True
train,98,5,1101,1101,1101,1101,True,0,0,True
train,98,10,1101,1101,1101,1101,True,0,0,True
train,98,15,1101,1101,1101,1101,True,0,0,True
train,98,20,1101,1101,1101,1101,True,0,0,True
train,99,5,1592,1592,1592,1592,True,0,0,True
train,99,10,1592,1592,1592,1592,True,0,0,True
train,99,15,1592,1592,1592,1592,True,0,0,True
train,99,20,1592,1592,1592,1592,True,0,0,True
train,100,5,1592,1592,1592,1592,True,0,0,True
train,100,10,1592,1592,1592,1592,True,0,0,True
train,100,15,1592,1592,1592,1592,True,0,0,True
train,100,20,1592,1592,1592,1592,True,0,0,True
train,101,5,863,863,863,863,True,0,0,True
train,101,10,863,863,863,863,True,0,0,True
train,101,15,863,863,863,863,True,0,0,True
train,101,20,863,863,863,863,True,0,0,True
train,102,5,862,862,862,862,True,0,0,True
train,102,10,862,862,862,862,True,0,0,True
train,102,15,862,862,862,862,True,0,0,True
train,102,20,862,862,862,862,True,0,0,True
train,103,5,1592,1592,1592,1592,True,0,0,True
train,103,10,1592,1592,1592,1592,True,0,0,True
train,103,15,1592,1592,1592,1592,True,0,0,True
train,103,20,1592,1592,1592,1592,True,0,0,True
train,104,5,1592,1592,1592,1592,True,0,0,True
train,104,10,1592,1592,1592,1592,True,0,0,True
train,104,15,1592,1592,1592,1592,True,0,0,True
train,104,20,1592,1592,1592,1592,True,0,0,True
train,105,5,888,888,888,888,True,0,0,True
train,105,10,888,888,888,888,True,0,0,True
train,105,15,888,888,888,888,True,0,0,True
train,105,20,888,888,888,888,True,0,0,True
train,106,5,888,888,888,888,True,0,0,True
train,106,10,888,888,888,888,True,0,0,True
train,106,15,888,888,888,888,True,0,0,True
train,106,20,888,888,888,888,True,0,0,True
train,107,5,229,229,229,229,True,0,0,True
train,107,10,229,229,229,229,True,0,0,True
train,107,15,229,229,229,229,True,0,0,True
train,107,20,229,229,229,229,True,0,0,True
train,108,5,1131,1131,1131,1131,True,0,0,True
train,108,10,1131,1131,1131,1131,True,0,0,True
train,108,15,1131,1131,1131,1131,True,0,0,True
train,108,20,1131,1131,1131,1131,True,0,0,True
train,109,5,1261,1261,1261,1261,True,0,0,True
train,109,10,1261,1261,1261,1261,True,0,0,True
train,109,15,1261,1261,1261,1261,True,0,0,True
train,109,20,1261,1261,1261,1261,True,0,0,True
train,110,5,1592,1592,1592,1592,True,0,0,True
train,110,10,1592,1592,1592,1592,True,0,0,True
train,110,15,1592,1592,1592,1592,True,0,0,True
train,110,20,1592,1592,1592,1592,True,0,0,True
train,111,5,1592,1592,1592,1592,True,0,0,True
train,111,10,1592,1592,1592,1592,True,0,0,True
train,111,15,1592,1592,1592,1592,True,0,0,True
train,111,20,1592,1592,1592,1592,True,0,0,True
train,112,5,1592,1592,1592,1592,True,0,0,True
train,112,10,1592,1592,1592,1592,True,0,0,True
train,112,15,1592,1592,1592,1592,True,0,0,True
train,112,20,1592,1592,1592,1592,True,0,0,True
train,113,5,891,891,891,891,True,0,0,True
train,113,10,891,891,891,891,True,0,0,True
train,113,15,891,891,891,891,True,0,0,True
train,113,20,891,891,891,891,True,0,0,True
train,114,5,983,983,983,983,True,0,0,True
train,114,10,983,983,983,983,True,0,0,True
train,114,15,983,983,983,983,True,0,0,True
train,114,20,983,983,983,983,True,0,0,True
train,115,5,1280,1280,1280,1280,True,0,0,True
train,115,10,1280,1280,1280,1280,True,0,0,True
train,115,15,1280,1280,1280,1280,True,0,0,True
train,115,20,1280,1280,1280,1280,True,0,0,True
train,116,5,867,867,867,867,True,0,0,True
train,116,10,867,867,867,867,True,0,0,True
train,116,15,867,867,867,867,True,0,0,True
train,116,20,867,867,867,867,True,0,0,True
train,117,5,1512,1512,1512,1512,True,0,0,True
train,117,10,1512,1512,1512,1512,True,0,0,True
train,117,15,1512,1512,1512,1512,True,0,0,True
train,117,20,1512,1512,1512,1512,True,0,0,True
train,118,5,1270,1270,1270,1270,True,0,0,True
train,118,10,1270,1270,1270,1270,True,0,0,True
train,118,15,1270,1270,1270,1270,True,0,0,True
train,118,20,1270,1270,1270,1270,True,0,0,True
train,119,5,1270,1270,1270,1270,True,0,0,True
train,119,10,1270,1270,1270,1270,True,0,0,True
train,119,15,1270,1270,1270,1270,True,0,0,True
train,119,20,1270,1270,1270,1270,True,0,0,True
train,120,5,1268,1268,1268,1268,True,0,0,True
train,120,10,1268,1268,1268,1268,True,0,0,True
train,120,15,1268,1268,1268,1268,True,0,0,True
train,120,20,1268,1268,1268,1268,True,0,0,True
train,121,5,995,995,995,995,True,0,0,True
train,121,10,995,995,995,995,True,0,0,True
train,121,15,995,995,995,995,True,0,0,True
train,121,20,995,995,995,995,True,0,0,True
train,122,5,1592,1592,1592,1592,True,0,0,True
train,122,10,1592,1592,1592,1592,True,0,0,True
train,122,15,1592,1592,1592,1592,True,0,0,True
train,122,20,1592,1592,1592,1592,True,0,0,True
train,123,5,668,668,668,668,True,0,0,True
train,123,10,668,668,668,668,True,0,0,True
train,123,15,668,668,668,668,True,0,0,True
train,123,20,668,668,668,668,True,0,0,True
train,124,5,1405,1405,1405,1405,True,0,0,True
train,124,10,1405,1405,1405,1405,True,0,0,True
train,124,15,1405,1405,1405,1405,True,0,0,True
train,124,20,1405,1405,1405,1405,True,0,0,True
train,125,5,1527,1527,1527,1527,True,0,0,True
train,125,10,1527,1527,1527,1527,True,0,0,True
train,125,15,1527,1527,1527,1527,True,0,0,True
train,125,20,1527,1527,1527,1527,True,0,0,True
train,126,5,343,343,343,343,True,0,0,True
train,126,10,343,343,343,343,True,0,0,True
train,126,15,343,343,343,343,True,0,0,True
train,126,20,343,343,343,343,True,0,0,True
train,127,5,1393,1393,1393,1393,True,0,0,True
train,127,10,1393,1393,1393,1393,True,0,0,True
train,127,15,1393,1393,1393,1393,True,0,0,True
train,127,20,1393,1393,1393,1393,True,0,0,True
train,128,5,1469,1469,1469,1469,True,0,0,True
train,128,10,1469,1469,1469,1469,True,0,0,True
train,128,15,1469,1469,1469,1469,True,0,0,True
train,128,20,1469,1469,1469,1469,True,0,0,True
train,129,5,1498,1498,1498,1498,True,0,0,True
train,129,10,1498,1498,1498,1498,True,0,0,True
train,129,15,1498,1498,1498,1498,True,0,0,True
train,129,20,1498,1498,1498,1498,True,0,0,True
train,130,5,1543,1543,1543,1543,True,0,0,True
train,130,10,1543,1543,1543,1543,True,0,0,True
train,130,15,1543,1543,1543,1543,True,0,0,True
train,130,20,1543,1543,1543,1543,True,0,0,True
train,131,5,1069,1069,1069,1069,True,0,0,True
train,131,10,1069,1069,1069,1069,True,0,0,True
train,131,15,1069,1069,1069,1069,True,0,0,True
train,131,20,1069,1069,1069,1069,True,0,0,True
train,132,5,1592,1592,1592,1592,True,0,0,True
train,132,10,1592,1592,1592,1592,True,0,0,True
train,132,15,1592,1592,1592,1592,True,0,0,True
train,132,20,1592,1592,1592,1592,True,0,0,True
train,133,5,995,995,995,995,True,0,0,True
train,133,10,995,995,995,995,True,0,0,True
train,133,15,995,995,995,995,True,0,0,True
train,133,20,995,995,995,995,True,0,0,True
train,134,5,837,837,837,837,True,0,0,True
train,134,10,837,837,837,837,True,0,0,True
train,134,15,837,837,837,837,True,0,0,True
train,134,20,837,837,837,837,True,0,0,True
train,135,5,660,660,660,660,True,0,0,True
train,135,10,660,660,660,660,True,0,0,True
train,135,15,660,660,660,660,True,0,0,True
train,135,20,660,660,660,660,True,0,0,True
train,136,5,1424,1424,1424,1424,True,0,0,True
train,136,10,1424,1424,1424,1424,True,0,0,True
train,136,15,1424,1424,1424,1424,True,0,0,True
train,136,20,1424,1424,1424,1424,True,0,0,True
train,137,5,1479,1479,1479,1479,True,0,0,True
train,137,10,1479,1479,1479,1479,True,0,0,True
train,137,15,1479,1479,1479,1479,True,0,0,True
train,137,20,1479,1479,1479,1479,True,0,0,True
train,138,5,1217,1217,1217,1217,True,0,0,True
train,138,10,1217,1217,1217,1217,True,0,0,True
train,138,15,1217,1217,1217,1217,True,0,0,True
train,138,20,1217,1217,1217,1217,True,0,0,True
train,139,5,1479,1479,1479,1479,True,0,0,True
train,139,10,1479,1479,1479,1479,True,0,0,True
train,139,15,1479,1479,1479,1479,True,0,0,True
train,139,20,1479,1479,1479,1479,True,0,0,True
train,140,5,1058,1058,1058,1058,True,0,0,True
train,140,10,1058,1058,1058,1058,True,0,0,True
train,140,15,1058,1058,1058,1058,True,0,0,True
train,140,20,1058,1058,1058,1058,True,0,0,True
train,141,5,995,995,995,995,True,0,0,True
train,141,10,995,995,995,995,True,0,0,True
train,141,15,995,995,995,995,True,0,0,True
train,141,20,995,995,995,995,True,0,0,True
train,142,5,1318,1318,1318,1318,True,0,0,True
train,142,10,1318,1318,1318,1318,True,0,0,True
train,142,15,1318,1318,1318,1318,True,0,0,True
train,142,20,1318,1318,1318,1318,True,0,0,True
train,143,5,1592,1592,1592,1592,True,0,0,True
train,143,10,1592,1592,1592,1592,True,0,0,True
train,143,15,1592,1592,1592,1592,True,0,0,True
train,143,20,1592,1592,1592,1592,True,0,0,True
train,144,5,1592,1592,1592,1592,True,0,0,True
train,144,10,1592,1592,1592,1592,True,0,0,True
train,144,15,1592,1592,1592,1592,True,0,0,True
train,144,20,1592,1592,1592,1592,True,0,0,True
train,145,5,1592,1592,1592,1592,True,0,0,True
train,145,10,1592,1592,1592,1592,True,0,0,True
train,145,15,1592,1592,1592,1592,True,0,0,True
train,145,20,1592,1592,1592,1592,True,0,0,True
train,146,5,1434,1434,1434,1434,True,0,0,True
train,146,10,1434,1434,1434,1434,True,0,0,True
train,146,15,1434,1434,1434,1434,True,0,0,True
train,146,20,1434,1434,1434,1434,True,0,0,True
train,147,5,1592,1592,1592,1592,True,0,0,True
train,147,10,1592,1592,1592,1592,True,0,0,True
train,147,15,1592,1592,1592,1592,True,0,0,True
train,147,20,1592,1592,1592,1592,True,0,0,True
train,148,5,1430,1430,1430,1430,True,0,0,True
train,148,10,1430,1430,1430,1430,True,0,0,True
train,148,15,1430,1430,1430,1430,True,0,0,True
train,148,20,1430,1430,1430,1430,True,0,0,True
train,149,5,1511,1511,1511,1511,True,0,0,True
train,149,10,1511,1511,1511,1511,True,0,0,True
train,149,15,1511,1511,1511,1511,True,0,0,True
train,149,20,1511,1511,1511,1511,True,0,0,True
train,150,5,1081,1081,1081,1081,True,0,0,True
train,150,10,1081,1081,1081,1081,True,0,0,True
train,150,15,1081,1081,1081,1081,True,0,0,True
train,150,20,1081,1081,1081,1081,True,0,0,True
train,151,5,1486,1486,1486,1486,True,0,0,True
train,151,10,1486,1486,1486,1486,True,0,0,True
train,151,15,1486,1486,1486,1486,True,0,0,True
train,151,20,1486,1486,1486,1486,True,0,0,True
train,152,5,1439,1439,1439,1439,True,0,0,True
train,152,10,1439,1439,1439,1439,True,0,0,True
train,152,15,1439,1439,1439,1439,True,0,0,True
train,152,20,1439,1439,1439,1439,True,0,0,True
train,153,5,1592,1592,1592,1592,True,0,0,True
train,153,10,1592,1592,1592,1592,True,0,0,True
train,153,15,1592,1592,1592,1592,True,0,0,True
train,153,20,1592,1592,1592,1592,True,0,0,True
train,154,5,1592,1592,1592,1592,True,0,0,True
train,154,10,1592,1592,1592,1592,True,0,0,True
train,154,15,1592,1592,1592,1592,True,0,0,True
train,154,20,1592,1592,1592,1592,True,0,0,True
train,155,5,747,747,747,747,True,0,0,True
train,155,10,747,747,747,747,True,0,0,True
train,155,15,747,747,747,747,True,0,0,True
train,155,20,747,747,747,747,True,0,0,True
train,156,5,1592,1592,1592,1592,True,0,0,True
train,156,10,1592,1592,1592,1592,True,0,0,True
train,156,15,1592,1592,1592,1592,True,0,0,True
train,156,20,1592,1592,1592,1592,True,0,0,True
train,157,5,1026,1026,1026,1026,True,0,0,True
train,157,10,1026,1026,1026,1026,True,0,0,True
train,157,15,1026,1026,1026,1026,True,0,0,True
train,157,20,1026,1026,1026,1026,True,0,0,True
train,158,5,1076,1076,1076,1076,True,0,0,True
train,158,10,1076,1076,1076,1076,True,0,0,True
train,158,15,1076,1076,1076,1076,True,0,0,True
train,158,20,1076,1076,1076,1076,True,0,0,True
train,159,5,1282,1282,1282,1282,True,0,0,True
train,159,10,1282,1282,1282,1282,True,0,0,True
train,159,15,1282,1282,1282,1282,True,0,0,True
train,159,20,1282,1282,1282,1282,True,0,0,True
train,160,5,1194,1194,1194,1194,True,0,0,True
train,160,10,1194,1194,1194,1194,True,0,0,True
train,160,15,1194,1194,1194,1194,True,0,0,True
train,160,20,1194,1194,1194,1194,True,0,0,True
train,161,5,161,161,161,161,True,0,0,True
train,161,10,161,161,161,161,True,0,0,True
train,161,15,161,161,161,161,True,0,0,True
train,161,20,161,161,161,161,True,0,0,True
train,162,5,1302,1302,1302,1302,True,0,0,True
train,162,10,1302,1302,1302,1302,True,0,0,True
train,162,15,1302,1302,1302,1302,True,0,0,True
train,162,20,1302,1302,1302,1302,True,0,0,True
train,163,5,1261,1261,1261,1261,True,0,0,True
train,163,10,1261,1261,1261,1261,True,0,0,True
train,163,15,1261,1261,1261,1261,True,0,0,True
train,163,20,1261,1261,1261,1261,True,0,0,True
train,164,5,486,486,486,486,True,0,0,True
train,164,10,486,486,486,486,True,0,0,True
train,164,15,486,486,486,486,True,0,0,True
train,164,20,486,486,486,486,True,0,0,True
train,165,5,658,658,658,658,True,0,0,True
train,165,10,658,658,658,658,True,0,0,True
train,165,15,658,658,658,658,True,0,0,True
train,165,20,658,658,658,658,True,0,0,True
train,166,5,748,748,748,748,True,0,0,True
train,166,10,748,748,748,748,True,0,0,True
train,166,15,748,748,748,748,True,0,0,True
train,166,20,748,748,748,748,True,0,0,True
train,167,5,1363,1363,1363,1363,True,0,0,True
train,167,10,1363,1363,1363,1363,True,0,0,True
train,167,15,1363,1363,1363,1363,True,0,0,True
train,167,20,1363,1363,1363,1363,True,0,0,True
train,168,5,1592,1592,1592,1592,True,0,0,True
train,168,10,1592,1592,1592,1592,True,0,0,True
train,168,15,1592,1592,1592,1592,True,0,0,True
train,168,20,1592,1592,1592,1592,True,0,0,True
train,169,5,1558,1558,1558,1558,True,0,0,True
train,169,10,1558,1558,1558,1558,True,0,0,True
train,169,15,1558,1558,1558,1558,True,0,0,True
train,169,20,1558,1558,1558,1558,True,0,0,True
train,170,5,1331,1331,1331,1331,True,0,0,True
train,170,10,1331,1331,1331,1331,True,0,0,True
train,170,15,1331,1331,1331,1331,True,0,0,True
train,170,20,1331,1331,1331,1331,True,0,0,True
train,171,5,569,569,569,569,True,0,0,True
train,171,10,569,569,569,569,True,0,0,True
train,171,15,569,569,569,569,True,0,0,True
train,171,20,569,569,569,569,True,0,0,True
train,172,5,1592,1592,1592,1592,True,0,0,True
train,172,10,1592,1592,1592,1592,True,0,0,True
train,172,15,1592,1592,1592,1592,True,0,0,True
train,172,20,1592,1592,1592,1592,True,0,0,True
train,173,5,1592,1592,1592,1592,True,0,0,True
train,173,10,1592,1592,1592,1592,True,0,0,True
train,173,15,1592,1592,1592,1592,True,0,0,True
train,173,20,1592,1592,1592,1592,True,0,0,True
train,174,5,1592,1592,1592,1592,True,0,0,True
train,174,10,1592,1592,1592,1592,True,0,0,True
train,174,15,1592,1592,1592,1592,True,0,0,True
train,174,20,1592,1592,1592,1592,True,0,0,True
train,175,5,1088,1088,1088,1088,True,0,0,True
train,175,10,1088,1088,1088,1088,True,0,0,True
train,175,15,1088,1088,1088,1088,True,0,0,True
train,175,20,1088,1088,1088,1088,True,0,0,True
train,176,5,1592,1592,1592,1592,True,0,0,True
train,176,10,1592,1592,1592,1592,True,0,0,True
train,176,15,1592,1592,1592,1592,True,0,0,True
train,176,20,1592,1592,1592,1592,True,0,0,True
train,177,5,1405,1405,1405,1405,True,0,0,True
train,177,10,1405,1405,1405,1405,True,0,0,True
train,177,15,1405,1405,1405,1405,True,0,0,True
train,177,20,1405,1405,1405,1405,True,0,0,True
train,178,5,1026,1026,1026,1026,True,0,0,True
train,178,10,1026,1026,1026,1026,True,0,0,True
train,178,15,1026,1026,1026,1026,True,0,0,True
train,178,20,1026,1026,1026,1026,True,0,0,True
V_select,179,5,1592,1592,1592,1592,True,0,0,True
V_select,179,10,1592,1592,1592,1592,True,0,0,True
V_select,179,15,1592,1592,1592,1592,True,0,0,True
V_select,179,20,1592,1592,1592,1592,True,0,0,True
V_select,180,5,1592,1592,1592,1592,True,0,0,True
V_select,180,10,1592,1592,1592,1592,True,0,0,True
V_select,180,15,1592,1592,1592,1592,True,0,0,True
V_select,180,20,1592,1592,1592,1592,True,0,0,True
V_select,181,5,1493,1493,1493,1493,True,0,0,True
V_select,181,10,1493,1493,1493,1493,True,0,0,True
V_select,181,15,1493,1493,1493,1493,True,0,0,True
V_select,181,20,1493,1493,1493,1493,True,0,0,True
V_select,182,5,1175,1175,1175,1175,True,0,0,True
V_select,182,10,1175,1175,1175,1175,True,0,0,True
V_select,182,15,1175,1175,1175,1175,True,0,0,True
V_select,182,20,1175,1175,1175,1175,True,0,0,True
V_select,183,5,1462,1462,1462,1462,True,0,0,True
V_select,183,10,1462,1462,1462,1462,True,0,0,True
V_select,183,15,1462,1462,1462,1462,True,0,0,True
V_select,183,20,1462,1462,1462,1462,True,0,0,True
V_select,184,5,1442,1442,1442,1442,True,0,0,True
V_select,184,10,1442,1442,1442,1442,True,0,0,True
V_select,184,15,1442,1442,1442,1442,True,0,0,True
V_select,184,20,1442,1442,1442,1442,True,0,0,True
V_select,185,5,1592,1592,1592,1592,True,0,0,True
V_select,185,10,1592,1592,1592,1592,True,0,0,True
V_select,185,15,1592,1592,1592,1592,True,0,0,True
V_select,185,20,1592,1592,1592,1592,True,0,0,True
V_select,186,5,1194,1194,1194,1194,True,0,0,True
V_select,186,10,1194,1194,1194,1194,True,0,0,True
V_select,186,15,1194,1194,1194,1194,True,0,0,True
V_select,186,20,1194,1194,1194,1194,True,0,0,True
V_select,187,5,1433,1433,1433,1433,True,0,0,True
V_select,187,10,1433,1433,1433,1433,True,0,0,True
V_select,187,15,1433,1433,1433,1433,True,0,0,True
V_select,187,20,1433,1433,1433,1433,True,0,0,True
V_select,188,5,1346,1346,1346,1346,True,0,0,True
V_select,188,10,1346,1346,1346,1346,True,0,0,True
V_select,188,15,1346,1346,1346,1346,True,0,0,True
V_select,188,20,1346,1346,1346,1346,True,0,0,True
V_select,189,5,1592,1592,1592,1592,True,0,0,True
V_select,189,10,1592,1592,1592,1592,True,0,0,True
V_select,189,15,1592,1592,1592,1592,True,0,0,True
V_select,189,20,1592,1592,1592,1592,True,0,0,True
V_select,190,5,1480,1480,1480,1480,True,0,0,True
V_select,190,10,1480,1480,1480,1480,True,0,0,True
V_select,190,15,1480,1480,1480,1480,True,0,0,True
V_select,190,20,1480,1480,1480,1480,True,0,0,True
V_select,191,5,1592,1592,1592,1592,True,0,0,True
V_select,191,10,1592,1592,1592,1592,True,0,0,True
V_select,191,15,1592,1592,1592,1592,True,0,0,True
V_select,191,20,1592,1592,1592,1592,True,0,0,True
V_select,192,5,1457,1457,1457,1457,True,0,0,True
V_select,192,10,1457,1457,1457,1457,True,0,0,True
V_select,192,15,1457,1457,1457,1457,True,0,0,True
V_select,192,20,1457,1457,1457,1457,True,0,0,True
V_select,193,5,1592,1592,1592,1592,True,0,0,True
V_select,193,10,1592,1592,1592,1592,True,0,0,True
V_select,193,15,1592,1592,1592,1592,True,0,0,True
V_select,193,20,1592,1592,1592,1592,True,0,0,True
V_select,194,5,1592,1592,1592,1592,True,0,0,True
V_select,194,10,1592,1592,1592,1592,True,0,0,True
V_select,194,15,1592,1592,1592,1592,True,0,0,True
V_select,194,20,1592,1592,1592,1592,True,0,0,True
V_select,195,5,1461,1461,1461,1461,True,0,0,True
V_select,195,10,1461,1461,1461,1461,True,0,0,True
V_select,195,15,1461,1461,1461,1461,True,0,0,True
V_select,195,20,1461,1461,1461,1461,True,0,0,True
V_select,196,5,858,858,858,858,True,0,0,True
V_select,196,10,858,858,858,858,True,0,0,True
V_select,196,15,858,858,858,858,True,0,0,True
V_select,196,20,858,858,858,858,True,0,0,True
V_select,197,5,1062,1062,1062,1062,True,0,0,True
V_select,197,10,1062,1062,1062,1062,True,0,0,True
V_select,197,15,1062,1062,1062,1062,True,0,0,True
V_select,197,20,1062,1062,1062,1062,True,0,0,True
V_select,198,5,1362,1362,1362,1362,True,0,0,True
V_select,198,10,1362,1362,1362,1362,True,0,0,True
V_select,198,15,1362,1362,1362,1362,True,0,0,True
V_select,198,20,1362,1362,1362,1362,True,0,0,True
V_select,199,5,1390,1390,1390,1390,True,0,0,True
V_select,199,10,1390,1390,1390,1390,True,0,0,True
V_select,199,15,1390,1390,1390,1390,True,0,0,True
V_select,199,20,1390,1390,1390,1390,True,0,0,True
V_select,200,5,1592,1592,1592,1592,True,0,0,True
V_select,200,10,1592,1592,1592,1592,True,0,0,True
V_select,200,15,1592,1592,1592,1592,True,0,0,True
V_select,200,20,1592,1592,1592,1592,True,0,0,True
V_select,201,5,1477,1477,1477,1477,True,0,0,True
V_select,201,10,1477,1477,1477,1477,True,0,0,True
V_select,201,15,1477,1477,1477,1477,True,0,0,True
V_select,201,20,1477,1477,1477,1477,True,0,0,True
V_select,202,5,1592,1592,1592,1592,True,0,0,True
V_select,202,10,1592,1592,1592,1592,True,0,0,True
V_select,202,15,1592,1592,1592,1592,True,0,0,True
V_select,202,20,1592,1592,1592,1592,True,0,0,True
V_select,203,5,1471,1471,1471,1471,True,0,0,True
V_select,203,10,1471,1471,1471,1471,True,0,0,True
V_select,203,15,1471,1471,1471,1471,True,0,0,True
V_select,203,20,1471,1471,1471,1471,True,0,0,True
